booking_id,passenger_id,flight_id,booking_date,status,passport_number,seat_number,emergency_contact_name,emergency_contact_phone,status_is_invalid
B1000,P1591,AI192,2025-06-14 11:37:36.951,CANCELLED,4f58a031228b8eef,3D,60972af3ae80bfef,+91-6478XXXX28,False
B1001,P1803,6F026,2025-11-02 11:37:36.951,CANCELLED,c0d87e660e0b93ab,18A,db30c6a95f13d29a,+91-6647XXXX62,False
B1002,P1083,SJ010,2025-08-25 11:37:36.951,CANCELLED,eab6f667d54e35cd,30C,ee99bbd158ee612a,+91-8405XXXX20,False
B1003,P1364,AI069,2025-12-30 11:37:36.951,CONFIRMED,738ba1fdca5233bf,33A,5d8685eee89b4fc0,+91-6264XXXX39,False
B1004,P1885,UK003,2025-10-02 11:37:36.951,PENDING,239aaa69139420f9,25C,ba6031f19a9154ee,+91-9336XXXX66,False
B1005,P1548,AI048,2025-08-31 11:37:36.951,CONFIRMED,530d74703fcb3c9d,13D,8a83c03638ee4685,+91-7558XXXX26,False
B1006,P1341,AI140,2025-06-29 11:37:36.951,CANCELLED,8c3cb0a90b4f3346,17F,ed76387f5e4ea886,+91-9945XXXX64,False
B1007,P1838,UK167,2026-03-12 11:37:36.951,CONFIRMED,abd2d2bb68ce9326,22E,0f1efa384e06fc93,+91-8603XXXX76,False
B1008,P1406,AI245,2025-09-07 11:37:36.951,PENDING,2ed7c07ce75201cf,34F,3df448aab29db803,+91-8965XXXX07,False
B1009,P1424,SJ158,2025-04-28 11:37:36.951,CANCELLED,add9469f9c283952,33C,9e566f93e2d6c362,+91-9877XXXX78,False
B1010,P1743,AI155,2025-11-24 11:37:36.951,CONFIRMED,caacd41aa1eeef33,15B,c7eda1c6c5118471,+91-7598XXXX14,False
B1011,P1092,AI179,2025-10-25 11:37:36.951,CONFIRMED,a13c7b870e54c7fe,22C,9996a464e508c4af,+91-6360XXXX53,False
B1012,P1847,AI137,2025-08-15 11:37:36.951,PENDING,5acff61263a1a4b5,28B,eb73a04b73c6552e,+91-9608XXXX60,False
B1013,P1613,SJ001,2025-07-20 11:37:36.951,CONFIRMED,a63eaef073ac6bf2,26E,b99d8b37a291ef75,+91-7535XXXX61,False
B1014,P1411,SJ172,2025-09-15 11:37:36.951,PENDING,2eb8dc20c855cffa,21E,a25fdd84ecf083fc,+91-9188XXXX79,False
B1015,P1431,UK094,2025-10-21 11:37:36.951,UNKNOWN,8ab1eadfc15d1891,6F,878484514d04d1ce,+91-7155XXXX12,False
B1016,P1677,UK027,2026-01-13 11:37:36.951,CANCELLED,9674b4d8be7f1818,6A,ca04097ecd9bb8fc,+91-7432XXXX04,False
B1017,P1158,UK067,2026-04-04 11:37:36.951,CONFIRMED,49ac09dd5b60e2e9,13B,7b4b4c19a7a2a882,+91-9984XXXX57,False
B1018,P1013,6F196,2026-03-25 11:37:36.951,CANCELLED,d57b62c53ed862a5,19B,4219c63f94882b02,+91-6596XXXX06,False
B1019,P1372,6F164,2025-07-31 11:37:36.951,CANCELLED,776a13e1a558f69d,19A,55b797167b576ccb,+91-9463XXXX35,False
B1020,P1224,SJ112,2025-12-06 11:37:36.951,CONFIRMED,2ae0509d028bac3a,27B,75bced2d95f5de9f,+91-8815XXXX49,False
B1021,P1504,6F190,2025-12-07 11:37:36.951,CANCELLED,7cf6db026d608f9c,4E,f51f4c2eb72b1919,+91-6258XXXX61,False
B1022,P1072,AI080,2026-03-25 11:37:36.951,CONFIRMED,49cf334059d1d142,16F,11492061674f2516,+91-9567XXXX21,False
B1023,P1248,6F213,2026-02-03 11:37:36.951,PENDING,37715ecdf302cd2e,24B,5ee1d5200e1a42c2,+91-9305XXXX25,False
B1024,P1510,AI115,2025-06-21 11:37:36.951,PENDING,1358652a9a1d9274,30F,ba7b573a6a8c3d90,+91-9941XXXX72,False
B1025,P1602,SJ049,2026-03-18 11:37:36.951,PENDING,e7ef161ad28da96d,1B,f6ef9378cebcdfa0,+91-8546XXXX66,False
B1026,P1215,AI058,2025-06-27 11:37:36.951,CONFIRMED,8607ea42636a12fa,32C,8d08c566058075e7,+91-7873XXXX45,False
B1027,P1972,UK036,2025-07-25 11:37:36.951,CONFIRMED,aca7b354704b4dbe,22A,bb72fadb56fb8618,+91-6618XXXX95,False
B1028,P1601,SJ239,2025-05-25 11:37:36.951,CANCELLED,8a9c6dfd82365bee,26E,60cb81aaa3a56ae8,+91-7567XXXX57,False
B1029,P1540,6F025,2025-06-06 11:37:36.951,CANCELLED,38cf68fe8e417fa6,19C,d07d18343a66c8ce,+91-6537XXXX16,False
B1030,P1946,6F236,2026-03-18 11:37:36.951,CANCELLED,a7035a889e67a64c,21E,268e0d45ec86a28f,+91-7582XXXX29,False
B1031,P1816,AI060,2025-11-16 11:37:36.951,CANCELLED,446d4e1800d3b382,1E,52d90ca22fef06c5,+91-7143XXXX49,False
B1032,P1938,UK021,2025-09-03 11:37:36.951,CANCELLED,b6e8eb96c968da71,18E,4e97df5c81139cdd,+91-9117XXXX99,False
B1033,P1987,UK026,2025-05-06 11:37:36.951,UNKNOWN,5d8d32120e227f07,19A,e267cba76b5f2180,+91-7517XXXX41,False
B1034,P1219,SJ179,2025-12-31 11:37:36.951,CONFIRMED,f12ab8dc994433a8,22F,28448f85d2253ab6,+91-7615XXXX06,False
B1035,P1839,6F251,2025-08-21 11:37:36.951,PENDING,2fa0279b58239745,11D,34be0bb5f89112c6,+91-7882XXXX17,False
B1036,P1726,SJ149,2025-11-24 11:37:36.951,PENDING,17d2273e15d1f881,5B,fa2810a64f25cda9,+91-6103XXXX47,False
B1037,P1220,AI188,2026-03-20 11:37:36.951,PENDING,6ca943dac3f0e2a8,33E,49ab470757172e28,+91-9648XXXX18,False
B1038,P1388,SJ093,2026-01-01 11:37:36.951,PENDING,4fba5afc83d93f70,12D,06c249013bf15ba7,+91-7685XXXX92,False
B1039,P1553,SJ205,2025-08-21 11:37:36.951,CONFIRMED,3281484b7767509e,11E,f758a1318a68c6b0,+91-7613XXXX54,False
B1040,P1646,6F099,2025-08-08 11:37:36.951,CONFIRMED,286e007ad58b1ee3,26B,f65b9917d9f35928,+91-7304XXXX30,False
B1041,P1041,UK176,2025-05-28 11:37:36.951,CONFIRMED,5501ce403312fe61,25C,3e9832839bfd10a4,+91-8313XXXX35,False
B1042,P1675,UK200,2025-12-02 11:37:36.951,CANCELLED,44b7e34e35c22f8e,24F,32dbef97b67feb57,+91-8546XXXX90,False
B1043,P1872,6F195,2025-11-22 11:37:36.951,CANCELLED,8a85734171e249c1,8E,3fb52fb74d447a31,+91-7608XXXX88,False
B1044,P1282,6F174,2026-04-12 11:37:36.951,PENDING,e40a3f6e4cc1967e,16C,a26a0d8a13bcbf95,+91-9415XXXX54,False
B1045,P1057,SJ214,2026-03-19 11:37:36.951,UNKNOWN,68644a1bbc2e6302,18C,7619f23288caeb1c,+91-9179XXXX32,False
B1046,P1813,UK059,2025-10-14 11:37:36.951,CONFIRMED,c5db5178156ce868,2C,2441e02f2ba228ed,+91-8298XXXX74,False
B1047,P1833,6F151,2025-12-29 11:37:36.951,PENDING,c3902c6d8b2c4716,7C,77c3f94a8e2acf72,+91-8441XXXX08,False
B1048,P1536,SJ236,2025-09-19 11:37:36.951,PENDING,e58f32b35a64c7f6,18C,0ced7cfb86c62c22,+91-6971XXXX78,False
B1049,P1072,SJ153,2025-07-28 11:37:36.951,INVALID,c7f2104785ac594a,3C,9996a464e508c4af,+91-9199XXXX67,True
B1050,P1884,AI220,2026-01-15 11:37:36.951,PENDING,01d6d16b476bce1a,7D,ebff2b8cb047e9a8,+91-6603XXXX82,False
B1051,P1922,6F028,2025-07-05 11:37:36.951,CANCELLED,3762e5a67bc3633a,16A,39cd087b18a57ca8,+91-8280XXXX43,False
B1052,P1128,UK209,2025-12-30 11:37:36.951,CANCELLED,97e83f0dac27404a,33B,477d3639e6dc47d0,+91-9105XXXX26,False
B1053,P1598,UK216,2026-04-01 11:37:36.951,PENDING,c53365d0e4449fbc,28B,631d9a843b4255a5,+91-9306XXXX09,False
B1054,P1841,AI132,2026-04-11 11:37:36.951,CANCELLED,d46a7b06a9265633,19C,8e5b58146a2a40de,+91-7761XXXX91,False
B1055,P1425,6F012,2025-10-14 11:37:36.951,CANCELLED,7260553ceb4d0175,13F,aa1d43405697bcbb,+91-8842XXXX84,False
B1056,P1947,UK173,2026-03-24 11:37:36.951,CANCELLED,12911dc72f8da4fc,15B,e7b32de85d9f68ef,+91-6885XXXX81,False
B1057,P1664,SJ047,2025-08-20 11:37:36.951,CANCELLED,4414d3927d0ce89b,14F,d8866110356a35ec,+91-6991XXXX63,False
B1058,P1693,SJ043,2025-12-07 11:37:36.951,PENDING,c9875421169dbfa3,8C,88cd356aa7b67b6a,+91-8541XXXX81,False
B1059,P1124,UK140,2026-01-03 11:37:36.951,CONFIRMED,e2b1bbccda8fa1b3,23B,bd288aa5d7380381,+91-7626XXXX33,False
B1060,P1066,6F086,2025-12-30 11:37:36.951,CONFIRMED,92627b0de676049f,11A,deb852566fdce922,+91-6903XXXX13,False
B1061,P1005,6F114,2026-04-05 11:37:36.951,CANCELLED,84e8e53a9d0a1d8e,19C,f4d52547db3c8067,+91-7557XXXX30,False
B1062,P1636,UK153,2025-06-12 11:37:36.951,CANCELLED,d3c46db2b1b036df,15D,177084f44e43da3e,+91-7839XXXX50,False
B1063,P1313,6F149,2025-05-19 11:37:36.951,CANCELLED,657c0a9e3195d663,9A,804e3fb39259e052,+91-7792XXXX81,False
B1064,P1325,UK145,2025-09-14 11:37:36.951,CONFIRMED,2a69fa4a3d69976a,24E,b7c699fa18416a25,+91-8840XXXX18,False
B1065,P1564,UK010,2026-03-06 11:37:36.951,CANCELLED,7e51c49410d05ad1,7B,75fe0fe4631ea4d0,+91-8370XXXX91,False
B1066,P1577,SJ003,2025-11-05 11:37:36.951,PENDING,52edf247f88859ef,1B,021b06a58e6a72e5,+91-6451XXXX25,False
B1067,P1825,SJ160,2025-07-23 11:37:36.951,PENDING,ce502de4192c8c82,7F,9abfd2e15db7aaa8,+91-8874XXXX25,False
B1068,P1505,UK224,2025-11-22 11:37:36.951,PENDING,47ca7f96af3bc675,23A,b291bcdae14ac386,+91-9606XXXX82,False
B1069,P1081,UK152,2025-08-02 11:37:36.951,CONFIRMED,f8d2d9bff6bb78e4,16E,21b0de941e8bdacd,+91-8629XXXX69,False
B1070,P1598,SJ034,2025-09-22 11:37:36.951,CANCELLED,04289074e2975772,15D,4e0b2b5acf711b01,+91-6320XXXX28,False
B1071,P1001,UK215,2025-12-21 11:37:36.951,CANCELLED,8b5f461d39881124,15F,ef3bd1a7161631f6,+91-7334XXXX70,False
B1072,P1203,UK089,2025-08-10 11:37:36.951,CANCELLED,265d6b740d675a72,18F,cb31f852f5b25780,+91-9324XXXX08,False
B1073,P1661,6F180,2025-12-04 11:37:36.951,CONFIRMED,143dac713a380fda,16A,91004df6c6ea156e,+91-9839XXXX71,False
B1074,P1804,6F188,2025-09-25 11:37:36.951,CONFIRMED,19a04488d9a67b41,7A,c7e2fd61579f6cc5,+91-7718XXXX04,False
B1075,P1403,UK131,2026-01-03 11:37:36.951,CONFIRMED,81965c4477a8ec20,2F,4fd7502d446be559,+91-6773XXXX96,False
B1076,P1102,UK055,2025-05-04 11:37:36.951,CONFIRMED,a4522a4a26e500ee,12B,e8fa3fe2ddbf7d39,+91-7312XXXX50,False
B1077,P1535,UK181,2025-05-03 11:37:36.951,PENDING,e902196dff5f16a4,3A,d7542cc972c9e253,+91-7493XXXX92,False
B1078,P1367,6F077,2025-09-21 11:37:36.951,CONFIRMED,c07bf93ea503d4e2,1B,2f1fa798e5859484,+91-8137XXXX16,False
B1079,P1211,SJ085,2025-06-03 11:37:36.951,CONFIRMED,53750482e8d8575b,10D,d82bffdb6058d7cb,+91-6566XXXX19,False
B1080,P1576,SJ023,2025-06-05 11:37:36.951,CONFIRMED,7427fddf7257541c,22D,bf4a650a1a099e17,+91-7989XXXX58,False
B1081,P1960,SJ202,2025-11-13 11:37:36.951,CANCELLED,7d453f93e4e7e91e,29C,1951659f7645a215,+91-8379XXXX00,False
B1082,P1208,SJ150,2025-09-09 11:37:36.951,CANCELLED,955c582c51626732,30A,a40674b3c86e107a,+91-6955XXXX69,False
B1083,P1762,SJ116,2025-05-12 11:37:36.951,CANCELLED,98e8266375628804,9A,54ea71b885bf70a8,+91-7678XXXX87,False
B1084,P1896,6F270,2025-06-14 11:37:36.951,PENDING,a1920b23e5a146a5,16E,3571eb79a033f60b,+91-6464XXXX88,False
B1085,P1116,UK150,2026-03-24 11:37:36.951,PENDING,353ce30b90443391,12A,18f6f4eaec4d1f70,+91-9626XXXX29,False
B1086,P1627,SJ237,2026-02-16 11:37:36.951,CONFIRMED,7be3a4100cce4c54,5D,8e55e296035873af,+91-6892XXXX83,False
B1087,P1748,AI221,2025-05-08 11:37:36.951,CANCELLED,12507bfb3f158aef,2F,98c6728055245f8f,+91-6969XXXX74,False
B1088,P1477,SJ081,2026-03-25 11:37:36.951,PENDING,de8d34db0e6d3890,31A,d0124a4073e6de48,+91-9941XXXX33,False
B1089,P1104,UK189,2025-09-03 11:37:36.951,CANCELLED,a708760c74cb827f,25F,c7e953346867b7b3,+91-6953XXXX22,False
B1090,P1494,SJ068,2025-05-16 11:37:36.951,PENDING,ad71105fdcdbe472,31C,6b9e8e856ab851cd,+91-9660XXXX75,False
B1091,P1770,6F043,2025-08-18 11:37:36.951,PENDING,6e800f74405c411e,25D,3213ba9da2e594c2,+91-6644XXXX87,False
B1092,P1045,UK187,2026-03-18 11:37:36.951,CONFIRMED,e7c35bcaf8c494a6,16D,b607c669c239a6f1,+91-8783XXXX73,False
B1093,P1822,UK074,2025-05-11 11:37:36.951,CONFIRMED,3eb74c41411760a9,25E,dc3b9e609c7d2769,+91-6353XXXX31,False
B1094,P1330,UK004,2026-01-07 11:37:36.951,PENDING,d97893aae0bc6855,24C,ed1ce007f64ad17e,+91-7943XXXX57,False
B1095,P1215,6F194,2025-07-30 11:37:36.951,CONFIRMED,5886c76686b7f729,14B,35da8ac1a6c592e9,+91-9746XXXX55,False
B1096,P1981,UK068,2026-01-03 11:37:36.951,PENDING,4df663964e4343a1,12B,8d5c24c46a154aba,+91-6165XXXX67,False
B1097,P1959,6F017,2025-08-26 11:37:36.951,UNKNOWN,19e0e02ef6e7e8d9,34F,3f330ac332164bac,+91-6380XXXX57,False
B1098,P1491,6F245,2025-10-15 11:37:36.951,UNKNOWN,bad0e2a75cd42d0b,13D,5bc4cb749e2c4ae0,+91-7667XXXX75,False
B1099,P1812,6F254,2025-12-07 11:37:36.951,CONFIRMED,a30de20be9428649,26E,9d5f879711f59483,+91-8879XXXX08,False
B1100,P1921,UK077,2026-03-05 11:37:36.951,CONFIRMED,ed4044cc661df666,16D,2d5b8024730a8a10,+91-7495XXXX23,False
B1101,P1844,AI029,2025-07-19 11:37:36.951,CONFIRMED,ca3e13f94c6e3f0c,3D,a354052132ea8558,+91-8778XXXX41,False
B1102,P1448,SJ196,2025-10-06 11:37:36.951,INVALID,08909c5c38a0a4b1,15F,5f834d87f71c841d,+91-8464XXXX24,True
B1103,P1535,AI242,2025-08-08 11:37:36.951,CANCELLED,8e4f89e0f8c0467d,20D,617ebb1bda8e2735,+91-8412XXXX95,False
B1104,P1510,AI242,2025-09-12 11:37:36.951,CANCELLED,53eb13e9620d2066,16E,bab81589d1a2210d,+91-7991XXXX92,False
B1105,P1457,SJ044,2025-09-11 11:37:36.951,CONFIRMED,ee7de2b6190d66d1,19F,6895a79d0c40d047,+91-6412XXXX65,False
B1106,P1546,UK063,2025-09-01 11:37:36.951,CONFIRMED,7a6efb89ef600670,21F,919a11d5ef2f03f1,+91-6523XXXX68,False
B1107,P1535,AI056,2025-05-19 11:37:36.951,CONFIRMED,4f3e642858b37376,30F,f13d5df94d517cd5,+91-6684XXXX39,False
B1108,P1539,UK207,2025-10-11 11:37:36.951,CANCELLED,4e3326ce970a4d60,14B,e9c3d3a991a30c7b,+91-9791XXXX49,False
B1109,P1483,UK166,2025-12-03 11:37:36.951,CANCELLED,58f3b184da5237ee,33D,db3765748f4f0f4d,+91-8518XXXX63,False
B1110,P1975,6F261,2025-12-17 11:37:36.951,PENDING,cc9aa58c7d5ec5ef,12B,4775bc367e33077b,+91-6970XXXX43,False
B1111,P1999,UK134,2025-12-25 11:37:36.951,CANCELLED,0b8a1f4901c85439,34A,e88f5ef3aceeb69a,+91-7839XXXX27,False
B1112,P1015,6F152,2025-10-02 11:37:36.951,PENDING,10e70d7442d955cc,27A,3e367c8a033e20a2,+91-7520XXXX11,False
B1113,P1570,SJ089,2025-11-23 11:37:36.951,CONFIRMED,195694504cf561b9,5A,ef66b820a989c360,+91-8216XXXX89,False
B1114,P1976,6F123,2025-09-26 11:37:36.951,CANCELLED,ae991bef7659faca,2E,229fdb71f8000941,+91-7912XXXX35,False
B1115,P1242,AI025,2025-08-23 11:37:36.951,CONFIRMED,10b0f5c688e0714e,10A,0a72067ff16e0c12,+91-7584XXXX24,False
B1116,P1949,6F030,2025-12-05 11:37:36.951,CONFIRMED,ef9c7e16471c47b8,19B,6bd817aa2528d388,+91-9902XXXX77,False
B1117,P1206,SJ222,2025-09-02 11:37:36.951,CONFIRMED,cc9f3f5ac2c55b13,28F,3ac6ef84aa485ad9,+91-6657XXXX73,False
B1118,P1911,UK109,2026-04-03 11:37:36.951,CONFIRMED,2dcf65dd86c7e37d,34B,74265e401bd280b7,+91-8519XXXX42,False
B1119,P1270,SJ117,2025-11-25 11:37:36.951,CANCELLED,c254fceda3324194,21F,b353f05b35e0edae,+91-7207XXXX20,False
B1120,P1760,SJ142,2025-08-12 11:37:36.951,CONFIRMED,d9f2e8341aef3dab,12D,802ab569cddbf707,+91-6621XXXX77,False
B1121,P1993,SJ142,2025-06-01 11:37:36.951,PENDING,406645faee532263,17C,3a2bd1f440353f60,+91-6224XXXX80,False
B1122,P1778,AI030,2025-05-02 11:37:36.951,CANCELLED,4e2215bd8394f82c,20B,bf64405862b39ae9,+91-9816XXXX59,False
B1123,P1704,6F097,2025-09-23 11:37:36.951,CONFIRMED,e7e3108d4cceccb2,8A,c8cb3dce9b310859,+91-6816XXXX40,False
B1124,P1846,6F129,2025-05-23 11:37:36.951,CANCELLED,d2b01ffccc53a0c6,5C,d0d1578da3b5144d,+91-8716XXXX53,False
B1125,P1729,6F181,2026-01-15 11:37:36.951,PENDING,060cc2d3dea70e41,27E,0d0be44f1cac0ec9,+91-9938XXXX64,False
B1126,P1114,AI072,2025-10-20 11:37:36.951,CONFIRMED,72ba23b34d782bf4,10E,42acb87c1b394359,+91-8721XXXX18,False
B1127,P1579,SJ154,2025-06-29 11:37:36.951,PENDING,702daf59541b11f0,2E,7daf3d1d7d7757ad,+91-8711XXXX41,False
B1128,P1298,AI031,2026-04-08 11:37:36.951,CONFIRMED,7eae79b2a26a6cae,10D,2a61ea00d0f6c0d1,+91-9705XXXX64,False
B1129,P1836,AI031,2025-09-18 11:37:36.951,PENDING,4c5e9f65dfef2210,26F,ee36d1501788c6b7,+91-6590XXXX94,False
B1130,P1482,6F158,2025-12-26 11:37:36.951,CONFIRMED,c32d84891f3a3c96,34E,216ec679e7eb42af,+91-7449XXXX53,False
B1131,P1396,6F184,2025-06-16 11:37:36.951,CANCELLED,3c052490fc8ffd6e,1C,060ae20b6e87a4e4,+91-9812XXXX03,False
B1132,P1393,UK141,2025-06-20 11:37:36.951,CONFIRMED,2f53d1bfd99e3612,10D,d1f2871e7f7d6eda,+91-8684XXXX75,False
B1133,P1074,6F168,2025-12-29 11:37:36.951,CANCELLED,9f9c98079282778b,23D,7978e6f8e4f63986,+91-6990XXXX96,False
B1134,P1977,6F051,2025-07-28 11:37:36.951,CONFIRMED,ffd2093e0e8e24b0,34C,ea8821ab14243bb4,+91-8905XXXX54,False
B1135,P1481,6F047,2025-12-02 11:37:36.951,CONFIRMED,7c259669c844e3fd,20E,dfa195cc4bd4dc8f,+91-8772XXXX06,False
B1136,P1102,UK156,2025-10-26 11:37:36.951,PENDING,884aae1bc9d1b6b8,28E,e7814a4463d7e8d7,+91-9517XXXX68,False
B1137,P1296,AI094,2025-09-01 11:37:36.951,PENDING,5c5fb2cb154292b3,13E,f4f83ba27c2c56a7,+91-8984XXXX93,False
B1138,P1177,AI038,2025-07-14 11:37:36.951,PENDING,07f627accda72298,6C,5226114561990418,+91-6892XXXX34,False
B1139,P1214,6F255,2026-01-19 11:37:36.951,CONFIRMED,d1dfb73c15638316,29F,50adeb50d36bda59,+91-9773XXXX57,False
B1140,P1966,SJ025,2026-01-23 11:37:36.951,CONFIRMED,0966773c42874eec,29D,e380ae048b86c6c6,+91-8519XXXX00,False
B1141,P1314,SJ185,2025-10-28 11:37:36.951,CONFIRMED,89fb470f7449db73,9C,63d2386a894c9aa9,+91-6696XXXX55,False
B1142,P1038,6F259,2026-01-21 11:37:36.951,CANCELLED,85bd77f629abfe86,5C,0dfa16c8f6b063db,+91-6526XXXX71,False
B1143,P1258,6F073,2026-04-07 11:37:36.951,CANCELLED,574145672f60be31,15A,8e7d065f466ebd1c,+91-7437XXXX40,False
B1144,P1715,AI091,2025-09-26 11:37:36.951,CONFIRMED,a096659b2f5e6fc5,6D,805733cd23017bf2,+91-6320XXXX96,False
B1145,P1006,6F191,2025-08-23 11:37:36.951,PENDING,32c9c00ec6dde2e3,15D,4161d65d703f4ca0,+91-7986XXXX15,False
B1146,P1048,UK228,2025-08-30 11:37:36.951,PENDING,312815568e92c2e9,25A,9054cf63df144a03,+91-7334XXXX50,False
B1147,P1537,6F146,2026-03-25 11:37:36.951,PENDING,c617c55626c06f0d,11E,70a9605590401f57,+91-8151XXXX30,False
B1148,P1160,6F068,2025-10-13 11:37:36.951,CONFIRMED,458aa6a910a2099a,19A,8b02227d4b248027,+91-7585XXXX72,False
B1149,P1868,SJ218,2026-01-08 11:37:36.951,PENDING,3bd10b2842752509,30F,70eeda8f6f19d976,+91-9816XXXX28,False
B1150,P1175,UK083,2025-09-25 11:37:36.951,CONFIRMED,d6a03f5c9cce0b23,12A,e34c7ea933d10095,+91-7380XXXX34,False
B1151,P1590,SJ007,2026-01-18 11:37:36.951,CANCELLED,e1b2a5699b1ea716,29B,cb927b7e5ccec338,+91-9987XXXX85,False
B1152,P1001,AI077,2025-08-14 11:37:36.951,PENDING,3a64600bfcb23889,27A,ad97c523edc01bd9,+91-8345XXXX02,False
B1153,P1894,UK017,2025-12-20 11:37:36.951,CANCELLED,a8a9ea108948affd,8D,8ea49a5615311216,+91-9851XXXX50,False
B1154,P1454,6F229,2026-02-17 11:37:36.951,PENDING,e898fb7f313aee9c,24A,69f4436c10dc9d08,+91-9680XXXX05,False
B1155,P1927,6F074,2025-10-08 11:37:36.951,CONFIRMED,08507f07099e579c,6D,0c4613c3f75398f6,+91-8115XXXX00,False
B1156,P1643,SJ088,2026-03-25 11:37:36.951,CONFIRMED,a0cc6d9c1252add5,5E,30f321f54644096c,+91-7178XXXX35,False
B1157,P1275,SJ167,2025-06-28 11:37:36.951,CONFIRMED,bac806731a917f01,18B,a92e3633343d6dec,+91-9769XXXX80,False
B1158,P1497,6F234,2025-07-20 11:37:36.951,CONFIRMED,5fa0a262680fb54f,22A,67123a0c49eca3e5,+91-7811XXXX87,False
B1159,P1628,UK071,2025-12-10 11:37:36.951,PENDING,02eee980627b807c,22F,98800f09600caee4,+91-6795XXXX86,False
B1160,P1675,AI178,2025-11-21 11:37:36.951,CANCELLED,e5358780041628a8,29A,714ef25278439323,+91-8292XXXX04,False
B1161,P1799,UK104,2025-11-14 11:37:36.951,CONFIRMED,58146e7e04f7d92a,12A,6c028f865fbfff13,+91-9395XXXX74,False
B1162,P1027,AI146,2025-04-22 11:37:36.951,INVALID,3f3aa3d72a55a6c9,32D,f92f5dbf441dfcbb,+91-7769XXXX90,True
B1163,P1332,SJ235,2025-11-10 11:37:36.951,CANCELLED,97a55f4870cd12ba,13D,c17a948dfc65f93e,+91-6948XXXX87,False
B1164,P1000,6F209,2025-04-24 11:37:36.951,CONFIRMED,07bfcc74d2289c7d,24A,d418d2959abfb161,+91-8132XXXX71,False
B1165,P1187,AI129,2025-08-20 11:37:36.951,CANCELLED,7b0f442e7a43e742,2F,a7099865cafdf78e,+91-6280XXXX67,False
B1166,P1055,SJ141,2026-01-23 11:37:36.951,CONFIRMED,fdf7068c97e67e7a,34D,2dba165acd0e6a2f,+91-9737XXXX90,False
B1167,P1546,SJ018,2026-02-02 11:37:36.951,CANCELLED,f8aa0df06745fedb,9F,05560c183fbcff77,+91-8947XXXX54,False
B1168,P1111,UK120,2025-10-14 11:37:36.951,CANCELLED,f9d37b7ed42fd9ff,11C,40842b851a43ab4c,+91-6834XXXX69,False
B1169,P1797,AI078,2025-11-15 11:37:36.951,CONFIRMED,d01201acb801ace4,11E,104f092b2dd51057,+91-7533XXXX97,False
B1170,P1309,AI079,2025-09-14 11:37:36.951,PENDING,453cc107a788f5af,15E,c1f430e38693db52,+91-6701XXXX39,False
B1171,P1035,UK087,2025-09-19 11:37:36.951,CANCELLED,aaa6648abb5b80e9,21A,9436683e9d9fbc2d,+91-8911XXXX30,False
B1172,P1438,UK133,2026-01-17 11:37:36.951,CONFIRMED,c9290abeacc4a22c,8F,9ca811fa1670439c,+91-6993XXXX00,False
B1173,P1728,AI222,2025-06-01 11:37:36.951,CANCELLED,4db76a69d9effe85,22E,24bde16a4ee7e9c8,+91-7388XXXX97,False
B1174,P1591,6F049,2026-04-12 11:37:36.951,CANCELLED,c9355dca29a68120,19D,9197c42b3cdba26f,+91-6450XXXX87,False
B1175,P1825,6F105,2026-01-29 11:37:36.951,PENDING,b8651dbed5b49002,27D,e638c75c2de2664a,+91-6355XXXX63,False
B1176,P1594,SJ226,2025-04-17 11:37:36.951,CANCELLED,c1f1111df3467020,7C,0fdb619cc8a0fa9d,+91-6137XXXX27,False
B1177,P1576,SJ227,2025-07-29 11:37:36.951,CANCELLED,914f27e3a4865142,34D,ce98d9e0dca1bc0d,+91-6749XXXX63,False
B1178,P1324,6F034,2026-02-05 11:37:36.951,CONFIRMED,dbd2056834e1f698,34E,216a08244be0cb23,+91-8531XXXX98,False
B1179,P1639,SJ078,2025-10-03 11:37:36.951,CONFIRMED,7304d3bfa5937d9b,33D,cdaa55f7399d371a,+91-9678XXXX66,False
B1180,P1306,AI240,2026-04-10 11:37:36.951,PENDING,44efa65de60735f2,22F,13189e1785ea0d84,+91-8681XXXX58,False
B1181,P1533,SJ002,2026-03-29 11:37:36.951,CANCELLED,94d52f539829284c,12E,25d9675d9b4f71f3,+91-7426XXXX69,False
B1182,P1727,AI044,2025-08-11 11:37:36.951,CANCELLED,7934c4a80b91e5b7,3A,53f5672e6ad7cf09,+91-7960XXXX21,False
B1183,P1618,UK076,2025-06-22 11:37:36.951,CANCELLED,36f9e59304c39771,8C,98c1a9180c3d8624,+91-8174XXXX52,False
B1184,P1108,6F232,2025-08-01 11:37:36.951,PENDING,d825603eff8dd0e1,28E,ed02883a9d1b253a,+91-7832XXXX90,False
B1185,P1371,SJ228,2025-08-16 11:37:36.951,CANCELLED,6db2cff682fb036a,25E,ecca821bb6618dcb,+91-9254XXXX42,False
B1186,P1356,SJ074,2026-04-04 11:37:36.951,CONFIRMED,7d7a0acc21f8b04e,1B,6e0fff2fa29003ff,+91-8653XXXX13,False
B1187,P1180,UK229,2025-08-04 11:37:36.951,PENDING,157adcaaae414b19,7F,d1f86873b3242757,+91-7304XXXX08,False
B1188,P1355,AI208,2026-04-04 11:37:36.951,CONFIRMED,573299a9163baf4b,6A,d6ac0f34a9995c83,+91-9892XXXX82,False
B1189,P1675,AI019,2025-11-23 11:37:36.951,CONFIRMED,4e7c873a10839135,14F,2b5f45e36aedcbc3,+91-9470XXXX56,False
B1190,P1067,6F029,2025-05-23 11:37:36.951,PENDING,22d9fc932e40a8de,12B,19fb82a9f075abef,+91-8615XXXX23,False
B1191,P1291,6F018,2025-04-27 11:37:36.951,CONFIRMED,bff550966fd6d5a2,25B,809c13cb3ff4358e,+91-6449XXXX58,False
B1192,P1691,AI059,2025-06-23 11:37:36.951,CANCELLED,a161446fb12cfa87,7D,aa5afaf7c3003066,+91-6689XXXX24,False
B1193,P1180,AI159,2025-05-22 11:37:36.951,PENDING,af81d6136acb362c,13D,3253b5a9c57d15a2,+91-7706XXXX78,False
B1194,P1465,6F091,2025-07-11 11:37:36.951,CONFIRMED,5a1bc4fcc168b060,14F,581094bae20c4f51,+91-9283XXXX26,False
B1195,P1433,6F084,2025-07-20 11:37:36.951,CANCELLED,053a24c02a6daca6,10B,ada42ba6f6d3b051,+91-7449XXXX66,False
B1196,P1463,UK170,2026-01-15 11:37:36.951,CANCELLED,114b138c989a7150,20C,5cbaa58c7e8d1190,+91-9231XXXX96,False
B1197,P1680,UK212,2025-05-19 11:37:36.951,CONFIRMED,e26e5e1db89be967,2E,66f15c9e4c84a407,+91-8380XXXX38,False
B1198,P1913,SJ022,2025-06-16 11:37:36.951,INVALID,3b75bdc0ee7020aa,29A,804daee83bc55099,+91-7713XXXX83,True
B1199,P1533,SJ075,2025-12-13 11:37:36.951,PENDING,6799cbfe4a597f0a,30E,65aa1baca353fc56,+91-9871XXXX32,False
B1200,P1065,UK177,2025-09-17 11:37:36.951,CONFIRMED,4bc12f84c4661035,16B,8767414bda47b2cb,+91-7130XXXX21,False
B1201,P1020,UK206,2026-02-01 11:37:36.951,CANCELLED,9d6bd3aa3248c937,3A,d97c119ac29d9648,+91-8917XXXX55,False
B1202,P1611,UK079,2025-04-29 11:37:36.951,CANCELLED,dc943e9daa9f61bb,29C,f289790ee1f8a9a2,+91-7844XXXX63,False
B1203,P1383,UK040,2025-06-21 11:37:36.951,CONFIRMED,d79bf0140503cf10,3B,319857b3afef017e,+91-6398XXXX09,False
B1204,P1811,AI034,2025-07-25 11:37:36.951,CONFIRMED,83d952848018a19a,30A,d9d611a51a913009,+91-8996XXXX75,False
B1205,P1614,UK034,2025-10-18 11:37:36.951,CONFIRMED,6ee79389ab3239c0,23F,7abecb57fc1344f6,+91-6199XXXX39,False
B1206,P1558,AI088,2025-07-02 11:37:36.951,CONFIRMED,adcf80e16f5b3955,13A,1004e31561cf2dd2,+91-9604XXXX95,False
B1207,P1038,AI128,2025-06-11 11:37:36.951,PENDING,6c8590b7d645daa0,26A,f9fc8a52ae6480f9,+91-7885XXXX15,False
B1208,P1284,SJ052,2025-07-22 11:37:36.951,INVALID,d85407b5d630252c,9A,e165775354f41bc7,+91-6750XXXX58,True
B1209,P1821,AI233,2025-12-15 11:37:36.951,PENDING,9cee7bfe603be11b,3A,a2b4647b96e1377d,+91-6579XXXX64,False
B1210,P1601,AI012,2026-01-20 11:37:36.951,PENDING,614c6cc9305e149d,3C,bd3e6380ad207041,+91-7563XXXX58,False
B1211,P1596,AI084,2025-07-07 11:37:36.951,CONFIRMED,d19afd9329dfc399,34A,23da35200177d6b0,+91-7920XXXX78,False
B1212,P1784,6F126,2025-07-08 11:37:36.951,PENDING,22625cf219caf623,34B,70d770c172de1be4,+91-8109XXXX19,False
B1213,P1335,SJ061,2025-06-16 11:37:36.951,CONFIRMED,851c6416feb03990,2E,891ac9b332e33806,+91-7852XXXX07,False
B1214,P1187,UK194,2025-08-14 11:37:36.951,UNKNOWN,652ca4e0626ab380,23B,1f86fc075379f068,+91-9984XXXX71,False
B1215,P1670,AI135,2025-08-08 11:37:36.951,CANCELLED,e0203d0e61ef6d3d,28C,cee1c906d67d17a5,+91-8679XXXX17,False
B1216,P1242,6F238,2025-12-09 11:37:36.951,CONFIRMED,0471a9f8d25d33e9,10A,30cf6e70cafa362e,+91-7617XXXX29,False
B1217,P1072,6F092,2026-03-19 11:37:36.951,CANCELLED,43a8c0fd76e6f4bb,32C,190a3b4272a37e9a,+91-6278XXXX27,False
B1218,P1478,AI213,2025-11-13 11:37:36.951,PENDING,0ce91bdb80c261bf,2D,780f23520cbfaf13,+91-7239XXXX32,False
B1219,P1973,UK193,2026-02-15 11:37:36.951,CANCELLED,e7a4d18b88d91990,1B,fa856a6a5f371742,+91-8134XXXX64,False
B1220,P1560,6F178,2026-04-04 11:37:36.951,PENDING,58e637ced2ae6c99,29C,d5ce3c8e70c63651,+91-9944XXXX59,False
B1221,P1100,AI158,2026-03-06 11:37:36.951,CONFIRMED,2b8697119786ad57,19D,d96eb5ce2022676b,+91-7364XXXX18,False
B1222,P1513,UK208,2026-03-30 11:37:36.951,PENDING,a570f208be2792d4,8A,00630833512d1436,+91-6925XXXX07,False
B1223,P1755,6F056,2026-04-09 11:37:36.951,UNKNOWN,c9b1e381e5c378f1,15A,df796f9cd8825154,+91-9528XXXX60,False
B1224,P1175,UK185,2025-10-26 11:37:36.951,CONFIRMED,b5a819209cb1c483,1E,d5e24ec2f43b20a5,+91-6972XXXX17,False
B1225,P1237,AI163,2026-01-13 11:37:36.951,PENDING,199018946a364e62,4D,501e51073c8a8c44,+91-6309XXXX29,False
B1226,P1909,AI112,2025-08-23 11:37:36.951,CONFIRMED,d0a581610fd5cd86,15C,03b5a88bd93f3f6a,+91-6151XXXX24,False
B1227,P1058,AI227,2025-10-23 11:37:36.951,CANCELLED,d066289cda42c1b9,12A,68ebdfbba3919940,+91-7126XXXX18,False
B1228,P1864,SJ083,2026-04-17 11:37:36.951,CONFIRMED,ff8a536a4c3b4137,29D,74c6d4ba4b9bcc0f,+91-9740XXXX35,False
B1229,P1098,UK073,2026-02-07 11:37:36.951,CONFIRMED,78cc07b18adc8d8c,13F,66debd892ee4b3e3,+91-7751XXXX27,False
B1230,P1953,6F169,2025-04-29 11:37:36.951,PENDING,876936575e74271b,6C,e8cc5e2fab1dd205,+91-6663XXXX51,False
B1231,P1870,UK154,2026-04-06 11:37:36.951,CANCELLED,98219ccb1c02cf3c,27D,8a0ccb228f92d76d,+91-6433XXXX90,False
B1232,P1953,SJ169,2025-10-06 11:37:36.951,CONFIRMED,80cba47b27d5f5b2,32F,43b752bef3b0335a,+91-9233XXXX52,False
B1233,P1494,6F187,2025-05-13 11:37:36.951,CANCELLED,2b125c824c37a560,5F,ea590a8e0c1f50ff,+91-8716XXXX19,False
B1234,P1946,UK210,2025-11-21 11:37:36.951,CANCELLED,619d8ce7727cd05a,33A,fa0abfe413bf41e1,+91-8794XXXX49,False
B1235,P1979,6F250,2025-12-23 11:37:36.951,PENDING,2b542ffd7b418801,13D,2167e8169511d27f,+91-9835XXXX45,False
B1236,P1513,AI062,2025-07-05 11:37:36.951,CONFIRMED,232044d48050cf30,25A,3a55a93308a8ac3c,+91-7332XXXX32,False
B1237,P1754,AI047,2025-11-16 11:37:36.951,UNKNOWN,09aa7863b25787b7,15B,011cfd04d022d190,+91-8569XXXX42,False
B1238,P1296,SJ186,2025-10-20 11:37:36.951,UNKNOWN,aaa0482d883f190f,8E,98f63a22a410c2d5,+91-9966XXXX48,False
B1239,P1210,AI217,2025-11-17 11:37:36.951,CANCELLED,6cf76081200c4c46,30A,93faf3b2ae86f993,+91-9980XXXX84,False
B1240,P1122,UK100,2025-12-31 11:37:36.951,CONFIRMED,34517b0a3d738714,17A,a785135a3e38c685,+91-6352XXXX06,False
B1241,P1228,UK116,2025-12-16 11:37:36.951,CONFIRMED,a8062da2292db9b6,10A,55073e1ab305633a,+91-6577XXXX68,False
B1242,P1593,6F036,2025-12-01 11:37:36.951,CANCELLED,731f525b53070a79,26C,8e7bd0a5d1b8bced,+91-8674XXXX94,False
B1243,P1655,AI175,2026-01-22 11:37:36.951,CANCELLED,7248d636be83c6a1,29E,785b44fcb681059d,+91-8569XXXX71,False
B1244,P1387,UK051,2025-08-18 11:37:36.951,CONFIRMED,75325da6c636a014,27D,6262a8781f3e51b5,+91-8608XXXX39,False
B1245,P1139,6F201,2026-04-17 11:37:36.951,UNKNOWN,ea24b22446abd1e1,26A,180c6dfae961c061,+91-6269XXXX24,False
B1246,P1540,6F230,2026-04-09 11:37:36.951,CONFIRMED,73771c88f9421536,33B,d9118f9acb612e4f,+91-9879XXXX56,False
B1247,P1390,SJ138,2025-08-13 11:37:36.951,CANCELLED,65bf53fa51a95f89,15F,df44ff62d32e271b,+91-6377XXXX67,False
B1248,P1269,AI246,2026-03-04 11:37:36.951,PENDING,0a60fd095ce96e18,16B,b0bfdd1a5951681a,+91-9405XXXX05,False
B1249,P1758,6F179,2025-06-06 11:37:36.951,CANCELLED,1b68559013443be9,26B,df8d47e38f75b281,+91-8787XXXX94,False
B1250,P1011,6F031,2026-01-28 11:37:36.951,CANCELLED,6098f1b326e7c43d,16F,a18abdef8e39bdcf,+91-8756XXXX72,False
B1251,P1866,UK015,2025-08-30 11:37:36.951,PENDING,253b98958101ee8b,29A,7262848b65b9ed88,+91-7702XXXX00,False
B1252,P1388,UK001,2025-04-21 11:37:36.951,CANCELLED,66822d76bf2b3058,27C,f8536276684e06f4,+91-7100XXXX19,False
B1253,P1336,6F133,2026-02-27 11:37:36.951,CANCELLED,4901d8c198d24250,15E,fe070739c10e1ce6,+91-6568XXXX11,False
B1254,P1505,6F143,2025-07-22 11:37:36.951,CANCELLED,28f640a4d56df80a,5D,3a5d6fa951b44ef4,+91-6769XXXX40,False
B1255,P1105,UK165,2025-09-22 11:37:36.951,CANCELLED,a19700371d98fafa,23F,6c6a55a5c87fdfdd,+91-7981XXXX46,False
B1256,P1031,6F083,2025-08-10 11:37:36.951,CANCELLED,66aaff3f4b09f37d,22B,28b052bbcc70b1c0,+91-7147XXXX72,False
B1257,P1073,AI082,2025-08-19 11:37:36.951,CANCELLED,18b6cfdd8db9ef32,11C,5d3b8ce0805b602c,+91-8905XXXX61,False
B1258,P1170,AI164,2025-10-28 11:37:36.951,CANCELLED,07349135972c9f92,21F,90c7f0f0a21871b5,+91-6307XXXX18,False
B1259,P1848,SJ155,2026-01-19 11:37:36.951,CANCELLED,9d4724d5d914a3e0,31F,58cbc045a277e3be,+91-6929XXXX41,False
B1260,P1068,AI189,2026-01-04 11:37:36.951,CANCELLED,b07de6f94056d42b,1D,b197e4da068223ed,+91-9994XXXX63,False
B1261,P1812,SJ057,2025-12-21 11:37:36.951,CONFIRMED,ac3518d1b8e4a854,34A,58d9456b7247dec6,+91-7450XXXX09,False
B1262,P1361,SJ198,2025-05-07 11:37:36.951,CONFIRMED,14ecac638ab994ac,16F,ded91bdd17250e07,+91-9847XXXX44,False
B1263,P1648,6F122,2026-01-03 11:37:36.951,CANCELLED,8bbc0dcbd3927e8f,6C,b2e9b6f714a199a2,+91-8731XXXX59,False
B1264,P1432,SJ097,2026-04-15 11:37:36.951,CONFIRMED,2e007375057356c1,12A,86ff341f5e20a5cc,+91-9487XXXX79,False
B1265,P1928,UK203,2025-08-06 11:37:36.951,PENDING,3e659ae4ac513251,28F,d5585feb26793fb9,+91-6343XXXX23,False
B1266,P1995,UK093,2026-01-16 11:37:36.951,CONFIRMED,866f8e3d82c765be,27F,ccf5bc91a7c03019,+91-7207XXXX06,False
B1267,P1099,AI205,2025-05-21 11:37:36.951,CANCELLED,3db3d88687fe902b,32A,6a860ee2fcc61fd9,+91-6126XXXX19,False
B1268,P1657,AI102,2026-01-16 11:37:36.951,INVALID,b3324f8e7b91fae8,12A,6968a5a1b06304d1,+91-8504XXXX77,True
B1269,P1008,6F046,2025-09-06 11:37:36.951,CONFIRMED,3341cb4d5a4e9e10,4C,8b67f773f19cc42b,+91-9381XXXX07,False
B1270,P1573,SJ017,2025-06-02 11:37:36.951,UNKNOWN,a5777848f5cb6d73,22E,7b937ff5cce20b92,+91-6713XXXX28,False
B1271,P1696,6F156,2025-10-20 11:37:36.951,PENDING,f6082c22dc340de6,28B,81b5db80823c5163,+91-7939XXXX62,False
B1272,P1028,AI068,2025-07-18 11:37:36.951,PENDING,3cd6db4ff6c9581f,19A,6957ccbf3244014c,+91-6525XXXX11,False
B1273,P1892,AI150,2025-06-05 11:37:36.951,UNKNOWN,758c9317fc2c2bf5,28B,db3a2a377a79928c,+91-7227XXXX75,False
B1274,P1113,UK008,2025-10-15 11:37:36.951,PENDING,8d64905dcdfbd238,20D,7b1841eb47780efa,+91-7920XXXX71,False
B1275,P1461,6F166,2025-07-11 11:37:36.951,PENDING,9c168699905fdbc2,18F,58e8d997f7040f3f,+91-6199XXXX36,False
B1276,P1920,6F177,2025-07-15 11:37:36.951,CONFIRMED,115cc7846422b3e8,1A,34be87a786b39976,+91-9732XXXX40,False
B1277,P1142,AI196,2026-01-19 11:37:36.951,PENDING,f157b27a0fa9432c,12E,bc75259256e104b4,+91-8576XXXX23,False
B1278,P1389,SJ191,2025-08-09 11:37:36.951,CONFIRMED,635ba2546f3d6f62,5B,5b9a027287212f3c,+91-6276XXXX65,False
B1279,P1631,6F019,2025-05-10 11:37:36.951,UNKNOWN,53f403707268ebdf,28C,593e947f726b5f9e,+91-9908XXXX52,False
B1280,P1681,AI226,2026-04-12 11:37:36.951,CONFIRMED,1e49b2cd8de810de,33B,69ae6c94a79e0858,+91-8237XXXX14,False
B1281,P1156,SJ207,2026-01-21 11:37:36.951,CANCELLED,7ddb7c4e78cf0774,4A,ade711dd9a7f7f4d,+91-9373XXXX74,False
B1282,P1334,AI009,2025-12-30 11:37:36.951,CANCELLED,3e1212925f1b9de4,8B,6ff3b8f4cd6e4e98,+91-7265XXXX51,False
B1283,P1860,AI103,2025-05-08 11:37:36.951,INVALID,7a911a8320f8d784,29D,c61a6348f4a93004,+91-7360XXXX08,True
B1284,P1259,SJ127,2026-02-22 11:37:36.951,CANCELLED,13e9df5274b79b08,25F,d37deb360b107003,+91-7980XXXX70,False
B1285,P1081,UK188,2026-03-26 11:37:36.951,CANCELLED,cb8d90f9f540dc27,25B,5d82614900c5a60f,+91-6373XXXX13,False
B1286,P1753,6F010,2025-09-25 11:37:36.951,INVALID,84f8cfb131a4faeb,33B,f2d45816d36d1382,+91-8770XXXX62,True
B1287,P1440,SJ098,2025-12-13 11:37:36.951,CANCELLED,d0ad57a3e092b381,5F,91a3edafefcb701b,+91-9573XXXX30,False
B1288,P1944,6F058,2025-12-11 11:37:36.951,PENDING,cf6420049699c095,18C,4419ca9c55ae3d11,+91-8819XXXX65,False
B1289,P1171,SJ030,2026-03-23 11:37:36.951,PENDING,20a098f499933f23,24F,d820709cb1fbe834,+91-6610XXXX17,False
B1290,P1230,UK175,2025-07-26 11:37:36.951,CANCELLED,6562c6a0631269a2,16F,33a0b02d73ec847f,+91-6257XXXX69,False
B1291,P1719,SJ108,2026-04-01 11:37:36.951,PENDING,6789dad56902b2f7,28E,74b2116f97973469,+91-7920XXXX72,False
B1292,P1074,6F075,2025-08-03 11:37:36.951,CONFIRMED,45827e5300d1c9f7,7C,ecf8c892c7f3c8cb,+91-9831XXXX79,False
B1293,P1269,UK222,2025-08-31 11:37:36.951,CONFIRMED,4a648cb825ccabcf,25F,2a674dbc451a0a17,+91-8287XXXX45,False
B1294,P1898,6F250,2025-07-13 11:37:36.951,CANCELLED,fb5fb5cdd0c193d7,34B,6f3443d285dfc6e0,+91-7709XXXX02,False
B1295,P1625,AI096,2025-12-29 11:37:36.951,CANCELLED,4c7280a184feb900,14B,bba632beafe9b2c7,+91-6864XXXX53,False
B1296,P1061,AI216,2025-12-23 11:37:36.951,CANCELLED,3c363f110c2ba98b,1B,754aee88eace8a41,+91-7288XXXX33,False
B1297,P1873,6F193,2026-01-23 11:37:36.951,PENDING,a243c7d30a2d3e5e,8A,d07eb4f869a4081c,+91-6645XXXX61,False
B1298,P1319,SJ194,2026-01-02 11:37:36.951,PENDING,53a50e6d6fbd117d,6C,77559c717ede685b,+91-7500XXXX09,False
B1299,P1101,SJ020,2025-09-11 11:37:36.951,CONFIRMED,ad07e4c1a2e1e27d,16F,2e10b36f987695b1,+91-6733XXXX17,False
B1300,P1428,6F070,2025-06-14 11:37:36.951,PENDING,4b8aeeac8974644e,21C,a9002f3f2b93de97,+91-9732XXXX21,False
B1301,P1873,AI051,2025-09-03 11:37:36.951,CONFIRMED,f3e145543fc2f2b5,12A,8c0a038cf956f6a8,+91-8977XXXX69,False
B1302,P1721,UK219,2025-12-27 11:37:36.951,PENDING,4e9dbde8059924e4,3D,20ed22fecaf97ad7,+91-9817XXXX89,False
B1303,P1953,AI235,2025-12-13 11:37:36.951,CONFIRMED,7f3c370b6182dc93,20A,c823ce391e8da85a,+91-6855XXXX68,False
B1304,P1254,6F022,2025-12-13 11:37:36.951,INVALID,d819620c370acbad,18E,4723b56b702b87fe,+91-9145XXXX00,True
B1305,P1531,SJ114,2025-09-28 11:37:36.951,PENDING,c744d40395f49146,13C,4b72d0f43356b208,+91-7505XXXX03,False
B1306,P1569,SJ076,2025-12-01 11:37:36.951,CONFIRMED,76f4b5fe9bcad1dc,30A,7c4feb9713c1fe7b,+91-7679XXXX50,False
B1307,P1111,UK227,2026-01-26 11:37:36.951,PENDING,c961310afe5ede5c,32E,5504d0fd2ddfe358,+91-6490XXXX14,False
B1308,P1984,UK135,2025-07-22 11:37:36.951,CANCELLED,46de763927636202,30D,b87ab4e39fa07ab0,+91-6844XXXX87,False
B1309,P1312,AI234,2025-05-06 11:37:36.951,CONFIRMED,43a7108ac3d25ae3,30F,71d24964627a43b2,+91-7508XXXX77,False
B1310,P1997,6F113,2025-08-20 11:37:36.951,PENDING,e4d51e815b462369,5D,ba991944c7b5448f,+91-8460XXXX22,False
B1311,P1460,SJ206,2025-11-16 11:37:36.951,PENDING,1cee817007525265,9D,e52467364c5aaff4,+91-8513XXXX88,False
B1312,P1707,AI015,2026-03-29 11:37:36.951,UNKNOWN,54dbbee8b392680f,6E,7a4a50791b45fc99,+91-9247XXXX41,False
B1313,P1886,6F260,2025-05-16 11:37:36.951,CANCELLED,e953b33cf9384fba,33E,90459e919e27c1f7,+91-6582XXXX60,False
B1314,P1461,AI061,2025-04-28 11:37:36.951,CONFIRMED,d52cef85019ee3c8,19C,4be7bc925193cc81,+91-9994XXXX84,False
B1315,P1864,6F237,2026-03-26 11:37:36.951,PENDING,a35372487d7caabf,9C,1509ec76abe2d55e,+91-9991XXXX62,False
B1316,P1091,SJ099,2026-01-06 11:37:36.951,PENDING,68643d6f750ac078,27C,4df3d6d68552a943,+91-6593XXXX68,False
B1317,P1051,SJ146,2026-02-24 11:37:36.951,CANCELLED,9fc6e045b91323cf,21F,4b120a8c32832587,+91-8105XXXX73,False
B1318,P1804,SJ146,2025-05-23 11:37:36.951,CANCELLED,e1be81bbf1772cb9,29B,414f83fda6904086,+91-6246XXXX23,False
B1319,P1519,6F071,2025-05-04 11:37:36.951,CONFIRMED,af60f11c30a9cf0d,4C,79e8590d1b393ca0,+91-6198XXXX58,False
B1320,P1811,6F272,2025-08-13 11:37:36.951,PENDING,7498d17c18308f73,6C,99d2d47d7c004654,+91-7558XXXX02,False
B1321,P1097,SJ029,2026-02-12 11:37:36.951,PENDING,ba2e280d53a8f180,13A,5e664fd6ddfbc68d,+91-6596XXXX66,False
B1322,P1235,UK084,2025-07-27 11:37:36.951,CONFIRMED,e49330e45f5af0ca,6E,3a5788bc8f1edcfb,+91-8703XXXX43,False
B1323,P1900,SJ048,2026-02-06 11:37:36.951,CONFIRMED,4ef1b6dca3917326,14D,f7b1bdbfd2313070,+91-8241XXXX87,False
B1324,P1373,AI108,2026-02-04 11:37:36.951,CANCELLED,c2011d7ab0081054,33B,eef7c720280b96fa,+91-9317XXXX40,False
B1325,P1580,SJ134,2025-08-11 11:37:36.951,CANCELLED,cd208d76a1811a07,3B,44043e947b98377d,+91-8931XXXX47,False
B1326,P1926,UK146,2025-10-31 11:37:36.951,CONFIRMED,d67c63c5a55d5c22,14F,79311dd773b3dccd,+91-8570XXXX83,False
B1327,P1556,SJ036,2025-09-24 11:37:36.951,CONFIRMED,f95b44b615c37c26,26C,4f493573bdae1bea,+91-9141XXXX62,False
B1328,P1648,6F202,2025-11-01 11:37:36.951,PENDING,c68fa386bc669fae,33B,8e29abbb3e218672,+91-8289XXXX58,False
B1329,P1233,UK041,2026-02-13 11:37:36.951,CONFIRMED,8ee85f902ba9b8c9,22C,e4d469e33bacd9a8,+91-6578XXXX43,False
B1330,P1031,6F078,2025-12-06 11:37:36.951,CONFIRMED,6810f59747b98ea8,23A,4dad3e9c607f1668,+91-8526XXXX56,False
B1331,P1288,AI097,2025-07-03 11:37:36.951,PENDING,e671ba05b5ba06ec,22C,73475ecc0f98b8cf,+91-6145XXXX83,False
B1332,P1637,UK159,2026-01-15 11:37:36.951,CONFIRMED,191673ce599d5de8,7D,937ec146a2052e1e,+91-9201XXXX08,False
B1333,P1578,UK044,2025-09-06 11:37:36.951,CANCELLED,a13c0f17374df268,12B,2c8af911b464035f,+91-6536XXXX45,False
B1334,P1541,6F176,2025-09-27 11:37:36.951,CANCELLED,77dc459e1e1c5f81,6F,7f54422edb698cfa,+91-7295XXXX58,False
B1335,P1113,SJ221,2026-02-11 11:37:36.951,PENDING,50478348a57b1676,4A,88b2ec2743b583a4,+91-8219XXXX80,False
B1336,P1203,6F112,2025-07-03 11:37:36.951,CONFIRMED,1a24b6c399f7c2eb,22A,72265c12dab36ad8,+91-9403XXXX59,False
B1337,P1028,6F246,2025-10-20 11:37:36.951,INVALID,3b923655992703d1,4C,97fe93f3a782695f,+91-8791XXXX46,True
B1338,P1642,6F014,2026-02-21 11:37:36.951,CANCELLED,86d7bfdbd4736dff,14C,d7e247700f8ab5d5,+91-6318XXXX53,False
B1339,P1473,AI237,2025-09-17 11:37:36.951,CANCELLED,7701c44d47069b64,28A,5a270c40a212f064,+91-8169XXXX37,False
B1340,P1696,6F003,2025-12-14 11:37:36.951,CANCELLED,b0a093ea1620192f,12E,ac18be15aa965fc6,+91-8471XXXX23,False
B1341,P1252,6F249,2025-07-04 11:37:36.951,CONFIRMED,be32624315b259fa,5A,1bb85f63ae9aa5c9,+91-6537XXXX75,False
B1342,P1797,UK149,2025-04-29 11:37:36.951,CONFIRMED,2b091a7a5b5e1502,4A,d9d532ee6d2a57d8,+91-9870XXXX09,False
B1343,P1904,SJ163,2026-03-08 11:37:36.951,CONFIRMED,b998ef8c514effeb,9F,b50d029717d86c31,+91-7811XXXX04,False
B1344,P1921,SJ243,2026-03-28 11:37:36.951,CONFIRMED,88fafc95f7cb88de,1D,9c5a7d7c58190e36,+91-9592XXXX45,False
B1345,P1385,UK113,2025-06-06 11:37:36.951,CANCELLED,3870b7f7710dd0a9,1A,2067e4f988348f92,+91-9328XXXX22,False
B1346,P1061,AI071,2025-06-07 11:37:36.951,PENDING,db498b3edecc3b07,30E,b7048ccbe9b259a2,+91-8297XXXX06,False
B1347,P1514,6F271,2026-02-07 11:37:36.951,PENDING,ad710f6aeb705fd8,22A,817c83fb10df4249,+91-6116XXXX79,False
B1348,P1429,SJ015,2025-06-05 11:37:36.951,CANCELLED,cd5cde4c765a14b8,27E,efcfb3907a71219b,+91-8360XXXX96,False
B1349,P1579,UK047,2025-11-19 11:37:36.951,CANCELLED,fc16b4f02d8d94ad,9E,fc7609cad26c5e7c,+91-6402XXXX33,False
B1350,P1536,UK020,2026-02-04 11:37:36.951,PENDING,7ede4dd133cc3919,12A,3fc899c03c585a20,+91-7737XXXX91,False
B1351,P1690,AI122,2025-09-03 11:37:36.951,PENDING,1b37fa7dd15b03a6,27F,b84b4de0bac71691,+91-7956XXXX83,False
B1352,P1140,UK223,2025-10-20 11:37:36.951,CANCELLED,0219e0bf636c6fb9,17D,62038a5a22fa250f,+91-9126XXXX84,False
B1353,P1742,6F148,2025-09-19 11:37:36.951,CANCELLED,1978819e00f81779,15F,be7da24855976477,+91-6294XXXX44,False
B1354,P1299,SJ162,2025-12-14 11:37:36.951,CONFIRMED,d417247539e13921,34A,01a79e30ada7f8ae,+91-9876XXXX13,False
B1355,P1674,6F127,2026-03-30 11:37:36.951,CONFIRMED,192402f1180dd00f,28B,98b68355c010a7c9,+91-8456XXXX13,False
B1356,P1310,AI173,2025-11-10 11:37:36.951,PENDING,cc0e7a41125da617,11F,7bd7e347d68687c2,+91-6509XXXX60,False
B1357,P1470,6F065,2026-02-05 11:37:36.951,UNKNOWN,eb11efd421ec3a8c,14A,91f49be831f591a3,+91-9753XXXX23,False
B1358,P1392,AI053,2025-06-22 11:37:36.951,PENDING,2c9d8678c92ee95c,20A,5c2b9192b70e4210,+91-6651XXXX60,False
B1359,P1641,AI241,2025-10-22 11:37:36.951,CONFIRMED,aab54b5fc4a11516,14E,cac9dc6071c3b08e,+91-8676XXXX71,False
B1360,P1444,AI105,2025-06-15 11:37:36.951,UNKNOWN,ec2c2bcef965c37e,18D,c98b00a0403af091,+91-8803XXXX17,False
B1361,P1757,AI110,2025-08-24 11:37:36.951,PENDING,ca47945a98c8c925,13F,43aafbd440ded395,+91-6822XXXX21,False
B1362,P1808,AI252,2025-10-22 11:37:36.951,CONFIRMED,fedd41f3a90cfc37,15B,76a13ab1d9c73bbc,+91-7869XXXX51,False
B1363,P1171,AI149,2025-12-14 11:37:36.951,CANCELLED,6df144136e60a4e9,3B,c4860d63920be39a,+91-6548XXXX15,False
B1364,P1575,AI224,2025-09-09 11:37:36.951,PENDING,a453934676d78dc8,23F,be9d8834a9e63959,+91-7989XXXX79,False
B1365,P1030,UK158,2025-07-03 11:37:36.951,CANCELLED,5cff570cf7f449fd,15B,bbe541385e6ce667,+91-6834XXXX03,False
B1366,P1046,6F125,2025-05-05 11:37:36.951,CANCELLED,77e93e7494c5e1dd,25E,d642563f833d2ea2,+91-6270XXXX52,False
B1367,P1129,UK164,2025-12-14 11:37:36.951,CONFIRMED,7ede8754cbb71c29,18A,ee39e5f1e2242846,+91-9520XXXX57,False
B1368,P1351,UK007,2025-12-26 11:37:36.951,CANCELLED,251f9c68ff9f690a,1E,4ba6d3c148a3021f,+91-6493XXXX14,False
B1369,P1977,6F118,2026-03-18 11:37:36.951,PENDING,4a785e1c65ace696,15F,80ea3760c33b7204,+91-9264XXXX76,False
B1370,P1844,SJ004,2026-01-01 11:37:36.951,CANCELLED,98e39b47c5cfa234,19C,98cd948de18c86ec,+91-8804XXXX21,False
B1371,P1621,6F206,2025-09-25 11:37:36.951,CANCELLED,a4461a8296e7e4c3,15E,fee62b2c75f19b3d,+91-9469XXXX02,False
B1372,P1580,SJ130,2025-05-11 11:37:36.951,CANCELLED,8226f3cf305565d3,11D,6290deb6c171e135,+91-7565XXXX17,False
B1373,P1057,SJ070,2026-02-14 11:37:36.951,CANCELLED,3b80621dba7ff8c2,22F,e3df320d86c664eb,+91-8386XXXX04,False
B1374,P1105,AI085,2025-04-24 11:37:36.951,CANCELLED,f96dcadb95c957c0,7F,965006c67b9bd671,+91-9258XXXX23,False
B1375,P1811,SJ109,2025-09-02 11:37:36.951,CONFIRMED,f3e032ad1c53a4cd,15B,e46e29f55db30f83,+91-8964XXXX62,False
B1376,P1329,AI168,2025-08-24 11:37:36.951,PENDING,d2537d6d8427c2cd,16B,74a56797b90e1ed4,+91-7379XXXX34,False
B1377,P1767,UK123,2025-10-24 11:37:36.951,CONFIRMED,46a8297a8c056213,26A,78fcad7142b3c2a2,+91-8871XXXX32,False
B1378,P1823,UK110,2026-01-16 11:37:36.951,PENDING,8dc2667c3c089f99,30D,1209f34927c7fad7,+91-8874XXXX35,False
B1379,P1682,AI206,2025-11-02 11:37:36.951,PENDING,1633cd1aca50279a,31C,1850dbe27376819e,+91-9515XXXX78,False
B1380,P1382,6F007,2026-04-16 11:37:36.951,PENDING,cc848fc6708af63c,6B,428d52be0cc097fb,+91-8406XXXX43,False
B1381,P1984,SJ013,2025-11-11 11:37:36.951,PENDING,37ff787ffb953e2d,33A,a2c21438bd3bf601,+91-8299XXXX11,False
B1382,P1161,UK061,2025-09-19 11:37:36.951,PENDING,4bd7afe29676b304,20D,e33831de0a93189c,+91-7221XXXX22,False
B1383,P1996,AI010,2025-09-24 11:37:36.951,CANCELLED,459c02197150f8c2,8C,f33689c9c3bebf52,+91-7513XXXX61,False
B1384,P1285,AI024,2025-05-16 11:37:36.951,CONFIRMED,3178a28cf39a591e,11D,91eeac2a9b3f4cf1,+91-6423XXXX23,False
B1385,P1070,UK130,2025-06-08 11:37:36.951,CONFIRMED,b86c893830ab2fc1,30B,2a61c24a82562d16,+91-6830XXXX33,False
B1386,P1766,AI161,2026-03-12 11:37:36.951,CANCELLED,cd56de304d51c80a,10A,c085a41932d7ef14,+91-6495XXXX97,False
B1387,P1453,SJ208,2025-07-23 11:37:36.951,PENDING,0c9db82890353fc1,24F,9572f3295a8b897c,+91-8893XXXX54,False
B1388,P1885,6F038,2025-09-23 11:37:36.951,INVALID,4f6164e58616f30d,8D,03a3c02438f39fbe,+91-7790XXXX21,True
B1389,P1566,6F085,2026-02-22 11:37:36.951,UNKNOWN,2071b026bc79643d,30D,683dbaed068d59c5,+91-7719XXXX20,False
B1390,P1834,SJ028,2026-03-09 11:37:36.951,CANCELLED,56e82bb2c2955955,8C,15140903c4b7135a,+91-6793XXXX94,False
B1391,P1396,SJ084,2025-11-26 11:37:36.951,CONFIRMED,b6fda78d5ad15da9,21F,e9bc88dbd5396d42,+91-6139XXXX81,False
B1392,P1514,AI139,2026-03-27 11:37:36.951,CONFIRMED,b9722ee80ddab921,21D,8e475b0a5b24c456,+91-7228XXXX52,False
B1393,P1025,UK179,2026-04-06 11:37:36.951,PENDING,812d3943055b32ad,26E,99921eef3ee471bf,+91-6630XXXX02,False
B1394,P1312,6F256,2025-07-23 11:37:36.951,PENDING,e0949125c8c9ed33,23F,b4e7a159e628ee74,+91-7656XXXX23,False
B1395,P1125,UK023,2026-02-10 11:37:36.951,INVALID,e335753780e21a1a,23B,9c8c99fec5568558,+91-8760XXXX77,True
B1396,P1407,AI039,2025-08-03 11:37:36.951,UNKNOWN,bfa8bcf39025dc95,13E,4b651cdb9061ef6e,+91-7101XXXX94,False
B1397,P1564,UK190,2026-02-05 11:37:36.951,CANCELLED,a576561cd8b02640,28D,8453b3bf3a96879a,+91-6644XXXX59,False
B1398,P1197,6F224,2026-02-04 11:37:36.951,PENDING,7fc1658b0a38ae59,3E,1cdf7494a9ded2f8,+91-7517XXXX64,False
B1399,P1810,UK221,2025-05-31 11:37:36.951,PENDING,191d893902919d3d,7A,31122533b3217f2b,+91-9233XXXX17,False
B1400,P1187,SJ107,2026-04-02 11:37:36.951,CANCELLED,5c32d34a9b80dbbd,12F,1e9011b7b8cc7345,+91-6629XXXX88,False
B1401,P1697,UK155,2025-04-20 11:37:36.951,UNKNOWN,cbe285af448bb71b,21D,e0115dac40f0e138,+91-8240XXXX92,False
B1402,P1816,UK183,2026-03-21 11:37:36.951,CANCELLED,8827ef3ae33d1824,7E,7535b400d13e15e1,+91-8372XXXX58,False
B1403,P1809,SJ203,2025-05-08 11:37:36.951,PENDING,38ddb6527d429fcd,26A,54239fdd0fd6d76e,+91-9296XXXX10,False
B1404,P1715,6F253,2026-03-07 11:37:36.951,INVALID,368fea14b35a7261,16A,9df226547c1b83b6,+91-6670XXXX83,True
B1405,P1483,AI100,2025-08-26 11:37:36.951,PENDING,b28acf694e7153c9,32F,ef58a424773fef16,+91-8346XXXX47,False
B1406,P1449,6F140,2025-06-24 11:37:36.951,CONFIRMED,9c500deadbdf499f,15D,f0e72bcd8467c373,+91-7530XXXX87,False
B1407,P1522,UK048,2025-08-26 11:37:36.951,CONFIRMED,645a13d922bc8a44,25A,554e48bb9a471786,+91-8884XXXX96,False
B1408,P1870,SJ204,2025-07-29 11:37:36.951,CONFIRMED,40b2b434881315e0,12F,1c9d081988116f25,+91-6495XXXX29,False
B1409,P1353,UK105,2026-03-24 11:37:36.951,CONFIRMED,7e88db30305cb183,28C,c4b6718c33cb278f,+91-6711XXXX73,False
B1410,P1985,AI098,2026-04-13 11:37:36.951,CONFIRMED,a7a229bb5faf43f1,32C,b79a082370aa319c,+91-7164XXXX44,False
B1411,P1657,6F013,2025-10-12 11:37:36.951,CANCELLED,f4c327c35262267a,1A,ae1206330a05dc5b,+91-9203XXXX31,False
B1412,P1596,6F128,2025-11-18 11:37:36.951,CANCELLED,16c3e96b9897208b,28E,b75e6a0d16d8158c,+91-9596XXXX87,False
B1413,P1099,SJ038,2025-10-05 11:37:36.951,UNKNOWN,b9ba1323dcc3e6db,14A,6af11cb3ba5a0214,+91-7557XXXX92,False
B1414,P1615,SJ182,2026-01-07 11:37:36.951,CONFIRMED,deaa7ac80fbdc035,25F,f2857cce7e377459,+91-6594XXXX80,False
B1415,P1947,6F199,2026-03-22 11:37:36.951,PENDING,a294fe94a8a2cb33,23B,69d13ee087a64b11,+91-7777XXXX23,False
B1416,P1557,SJ187,2025-08-17 11:37:36.951,CANCELLED,cc2cf05dacd38d9b,20B,561c70e2e0b81c60,+91-6650XXXX46,False
B1417,P1555,AI182,2025-08-18 11:37:36.951,PENDING,82bcba472df5b147,8E,c834a73cd695e5e3,+91-6477XXXX60,False
B1418,P1277,SJ027,2025-05-04 11:37:36.951,PENDING,54d41ec6d9c7b227,19D,d39d15f8180d9c17,+91-6863XXXX12,False
B1419,P1692,SJ062,2026-01-20 11:37:36.951,CONFIRMED,9099f559a7703d65,20E,40643d62fb17950c,+91-9633XXXX19,False
B1420,P1698,SJ161,2026-02-24 11:37:36.951,CONFIRMED,79b3c86e48d3022c,27B,002cae208d545203,+91-9473XXXX49,False
B1421,P1989,UK058,2025-10-03 11:37:36.951,UNKNOWN,6ede50d2c6b1de5e,23C,f0d49c00a75e5629,+91-7604XXXX87,False
B1422,P1625,AI181,2026-01-04 11:37:36.951,CANCELLED,48b44c9ca71cee09,12D,ad72959a84e63e04,+91-9184XXXX52,False
B1423,P1490,AI003,2025-06-12 11:37:36.951,CONFIRMED,5d4500638f594ba8,14A,f81f493f95eabf78,+91-8737XXXX83,False
B1424,P1254,6F150,2025-11-05 11:37:36.951,CANCELLED,9c6cf7afaf480639,11D,ca73670d90860fe7,+91-9824XXXX94,False
B1425,P1380,SJ175,2025-06-28 11:37:36.951,CANCELLED,6382a8f539d8bfec,34E,ba1571f497aaee1e,+91-8756XXXX11,False
B1426,P1891,6F041,2025-12-15 11:37:36.951,CANCELLED,b5cd19b38c6794c5,17C,096dabbc6b6539af,+91-7430XXXX64,False
B1427,P1541,SJ040,2026-04-15 11:37:36.951,CANCELLED,e28dd96888b8f4fa,16E,fb5a63b787cb76c6,+91-7995XXXX98,False
B1428,P1263,6F020,2025-06-17 11:37:36.951,CONFIRMED,e004be59f655be76,27C,5fd6c7208aa83718,+91-6664XXXX99,False
B1429,P1609,AI248,2025-05-08 11:37:36.951,CANCELLED,03b2169e2378bee7,27B,778ee424e537dba3,+91-9876XXXX43,False
B1430,P1824,SJ016,2026-02-08 11:37:36.951,CONFIRMED,7d88183668d96955,11A,acc76945ae028f30,+91-6916XXXX47,False
B1431,P1878,UK204,2025-11-21 11:37:36.951,CONFIRMED,ea1cb7778d8149a4,31C,851189908e545790,+91-8656XXXX72,False
B1432,P1328,6F211,2025-09-02 11:37:36.951,CANCELLED,9d623e62527cd756,9B,13bcfd8b274aaf3f,+91-6362XXXX48,False
B1433,P1114,SJ166,2025-05-07 11:37:36.951,CONFIRMED,704a49ba42cdf362,5B,f12caafc79f56cbc,+91-7708XXXX03,False
B1434,P1275,AI036,2025-10-19 11:37:36.951,PENDING,8257b32b4756d3f0,30C,6a8cf8fb29988c93,+91-9482XXXX55,False
B1435,P1487,SJ215,2025-09-18 11:37:36.951,CONFIRMED,9c84655dfe4c3e66,1E,fb500c2c3517b7c0,+91-9965XXXX70,False
B1436,P1280,AI076,2026-01-05 11:37:36.951,CONFIRMED,c07f1d5bc4dc5c5d,20B,5d84ce024c74e825,+91-8847XXXX86,False
B1437,P1274,SJ012,2025-11-28 11:37:36.951,CANCELLED,398a6f47f93b23b3,24A,7b80342c2441263c,+91-7418XXXX56,False
B1438,P1772,AI073,2026-04-01 11:37:36.951,UNKNOWN,ac5dddb2e2fd17b1,20D,8d2be791644af2d4,+91-8296XXXX78,False
B1439,P1842,SJ173,2025-11-09 11:37:36.951,CONFIRMED,1d06c612ae753d6b,27E,40581d89e30be10c,+91-9939XXXX93,False
B1440,P1718,AI193,2026-03-09 11:37:36.951,CANCELLED,47f00f1c4c9f5ab7,25E,825a5ee23bce4bde,+91-6264XXXX46,False
B1441,P1895,SJ131,2025-09-22 11:37:36.951,INVALID,7b6dbf6a49d0af86,13A,f246db74f43d7ec8,+91-8323XXXX68,True
B1442,P1327,AI225,2025-06-02 11:37:36.951,PENDING,eafca6370276fae3,11E,38e3abcee72aa8a7,+91-8553XXXX24,False
B1443,P1210,AI190,2025-10-09 11:37:36.951,CANCELLED,c1453890fddc60a5,9E,cb34aa91b67750a8,+91-7769XXXX04,False
B1444,P1726,SJ238,2025-12-25 11:37:36.951,CONFIRMED,dc77298d5721de84,7B,1b6da374395182a5,+91-7110XXXX52,False
B1445,P1922,6F005,2025-12-21 11:37:36.951,PENDING,9600749aa835d5c8,5F,d53fe3276f0e96d0,+91-6819XXXX89,False
B1446,P1551,UK136,2025-09-25 11:37:36.951,PENDING,e92fe19ea8beea58,23C,3f22f5858fa0ce1d,+91-7903XXXX51,False
B1447,P1991,SJ063,2025-05-21 11:37:36.951,CONFIRMED,a46e58b3fc3b233f,15F,573a42a2001d33b6,+91-8976XXXX39,False
B1448,P1025,6F175,2025-11-21 11:37:36.951,CANCELLED,fcb095d0fc656721,9E,f9b23ced1f753132,+91-8592XXXX01,False
B1449,P1026,AI037,2025-05-23 11:37:36.951,PENDING,a205dd44c99b801e,19A,190b6f5614a1e0aa,+91-8162XXXX28,False
B1450,P1701,UK225,2025-11-11 11:37:36.951,CONFIRMED,dd6ff5141993b875,21C,65222753fb31be69,+91-9213XXXX53,False
B1451,P1082,AI141,2025-05-20 11:37:36.951,CONFIRMED,b8ed616bf6bce642,15E,6ea1d910bea44633,+91-9265XXXX59,False
B1452,P1895,6F172,2026-01-26 11:37:36.951,PENDING,ad18f3e90bf89c18,3E,787c017501caaba4,+91-8513XXXX46,False
B1453,P1945,6F219,2026-02-07 11:37:36.951,CANCELLED,4aa88d40d3aac1af,16F,4818e23f2e0167d7,+91-7584XXXX26,False
B1454,P1681,AI045,2025-08-16 11:37:36.951,PENDING,b9edd6e934b94732,8E,0171d84f4e7cfac4,+91-9651XXXX04,False
B1455,P1412,AI198,2026-04-12 11:37:36.951,CONFIRMED,3846750814456c44,30A,fdb484465fff6467,+91-9412XXXX79,False
B1456,P1166,AI120,2025-04-24 11:37:36.951,PENDING,974f9c17be085c6d,17F,9d419b7281b0325f,+91-8291XXXX96,False
B1457,P1699,6F134,2025-06-11 11:37:36.951,CANCELLED,e7c9e04750a588a7,32D,6e0a7949261146a5,+91-8368XXXX82,False
B1458,P1168,UK102,2025-11-19 11:37:36.951,CONFIRMED,514a06f793398b51,10B,dc73020bb947996c,+91-6503XXXX41,False
B1459,P1800,SJ199,2025-06-10 11:37:36.951,CANCELLED,ab884069289013e7,1F,41e3e0aa72df5198,+91-7317XXXX17,False
B1460,P1978,6F235,2025-10-01 11:37:36.951,PENDING,3ebee3e34dd110db,32E,2e9846a866af89d8,+91-8112XXXX63,False
B1461,P1228,UK065,2025-10-14 11:37:36.951,PENDING,e97422b55dbd00ba,33F,5761a5046329aa46,+91-8176XXXX97,False
B1462,P1978,6F135,2025-12-03 11:37:36.951,CANCELLED,25f722f50c0b5b29,26D,a912a42356c3272e,+91-7271XXXX41,False
B1463,P1608,SJ148,2026-02-10 11:37:36.951,PENDING,cfb61e610dbf0455,31C,e88f274c1fbc9070,+91-7271XXXX88,False
B1464,P1366,AI083,2026-03-07 11:37:36.951,CANCELLED,d34346df61e95d19,6B,581c4659094e662c,+91-7129XXXX87,False
B1465,P1527,UK024,2025-07-02 11:37:36.951,PENDING,36f4af44225dd9ae,5C,8528b92cdd73d0e8,+91-9334XXXX35,False
B1466,P1790,UK220,2025-04-27 11:37:36.951,CANCELLED,2835cd79b2cec312,28B,87dec7f0c25290dd,+91-9817XXXX57,False
B1467,P1646,UK115,2025-04-30 11:37:36.951,CANCELLED,3e9e28deb675e7ff,25A,db2fdcbe47b138a3,+91-8812XXXX53,False
B1468,P1537,AI255,2025-07-16 11:37:36.951,CONFIRMED,ab7541a585c0e929,14F,8c3a0c0b09008901,+91-6339XXXX25,False
B1469,P1863,6F001,2025-12-25 11:37:36.951,CONFIRMED,c9a071ec2745554b,11A,6cc0cf29a07ddf9f,+91-6289XXXX16,False
B1470,P1523,6F132,2025-05-27 11:37:36.951,CANCELLED,17df9d414927085c,24E,29ff791ff75848df,+91-7567XXXX75,False
B1471,P1071,UK184,2026-03-28 11:37:36.951,PENDING,6dc0141be54b8a31,8E,8ce6ced73d2992ee,+91-8381XXXX44,False
B1472,P1644,6F098,2025-06-06 11:37:36.951,PENDING,e2aff466edb8414e,3D,56846bce457e2719,+91-7712XXXX73,False
B1473,P1105,SJ168,2025-07-19 11:37:36.951,PENDING,3d2070af66c385dd,21F,33255200494da15b,+91-9784XXXX54,False
B1474,P1731,SJ178,2025-07-28 11:37:36.951,CANCELLED,5d3270bc82a45061,14C,2c843179bb09ad0a,+91-7220XXXX81,False
B1475,P1884,UK111,2026-03-07 11:37:36.951,CANCELLED,9b03a3278717e296,2C,30068e50f6ab8cc9,+91-6148XXXX34,False
B1476,P1964,SJ051,2026-02-27 11:37:36.951,CANCELLED,00695dc727534ff5,32E,7fe2a1afe82d57bf,+91-6196XXXX76,False
B1477,P1688,SJ193,2025-07-06 11:37:36.951,CANCELLED,2b57ef0728516cc8,18E,fece50dee0d828d8,+91-6799XXXX20,False
B1478,P1281,SJ039,2026-02-24 11:37:36.951,CONFIRMED,430fc1d7efb3f400,28D,f945d6f1774df993,+91-9122XXXX83,False
B1479,P1132,UK066,2025-12-17 11:37:36.951,CANCELLED,8012a7f72b16e1cc,22B,a7671bcb1ac97baf,+91-9302XXXX29,False
B1480,P1533,SJ050,2026-03-14 11:37:36.951,PENDING,529cb334a5936612,34B,a2da540d0f20696e,+91-6481XXXX05,False
B1481,P1974,6F052,2025-06-11 11:37:36.951,CONFIRMED,03168c83d2e3b8bd,4D,72ff26e5ae47c848,+91-9673XXXX64,False
B1482,P1268,SJ170,2025-08-29 11:37:36.951,PENDING,ba9c0a1c62bbbb47,14E,8cddfd72970dabb1,+91-9822XXXX92,False
B1483,P1411,SJ119,2025-06-09 11:37:36.951,UNKNOWN,f6be258f77a421c3,26B,b7d792278570e0e6,+91-9588XXXX69,False
B1484,P1672,AI219,2025-05-07 11:37:36.951,CONFIRMED,d10bbc0a8cb29cb7,13B,70801e73d4a7ff82,+91-7315XXXX12,False
B1485,P1618,6F220,2025-07-05 11:37:36.951,CANCELLED,7dc63aa6ab40a526,12D,3bebd8db519bdc62,+91-6667XXXX33,False
B1486,P1790,AI207,2025-05-04 11:37:36.951,CONFIRMED,634fe9936be5f75e,3D,80de7fcb8a9016f5,+91-8986XXXX59,False
B1487,P1864,6F024,2026-01-26 11:37:36.951,PENDING,697f847bf8b1d1fc,5E,395115419024627e,+91-7601XXXX71,False
B1488,P1746,SJ073,2025-05-04 11:37:36.951,CANCELLED,8cb9d6c9d9b5571d,27E,8208522fdae1a24a,+91-7680XXXX18,False
B1489,P1017,SJ201,2025-07-08 11:37:36.951,CANCELLED,16dd1a25aa04a235,24F,a8f8819013d72687,+91-9673XXXX79,False
B1490,P1753,AI180,2026-03-10 11:37:36.951,CONFIRMED,56e214ebcf74ef04,29B,fdf9d43c49562a44,+91-8762XXXX86,False
B1491,P1116,UK022,2025-07-16 11:37:36.951,CONFIRMED,195dc5547fb8c683,18F,f53a5632359b0559,+91-9774XXXX94,False
B1492,P1797,AI202,2026-03-27 11:37:36.951,CANCELLED,7bc81e921f6debd7,29C,1a14a4f28ed2dc43,+91-9253XXXX73,False
B1493,P1793,6F212,2025-06-01 11:37:36.952,CONFIRMED,e35f81e9bed5bcbf,26D,4ed9dba257c4a85f,+91-6703XXXX15,False
B1494,P1143,6F163,2025-06-09 11:37:36.952,CANCELLED,128df1cfec813228,23F,970bc672f2d3905c,+91-8535XXXX61,False
B1495,P1716,UK028,2025-10-15 11:37:36.952,CONFIRMED,3fc8347a2957d315,27D,fe04d0c7301f0d7e,+91-7410XXXX23,False
B1496,P1550,6F243,2026-03-21 11:37:36.952,PENDING,31474b18afe86a13,7D,3a5be07a7a1ccfea,+91-8933XXXX07,False
B1497,P1928,AI165,2025-09-02 11:37:36.952,CONFIRMED,1bf4781c76648ddf,11F,7b725a6a27ff5301,+91-9110XXXX51,False
B1498,P1665,UK099,2025-07-18 11:37:36.952,PENDING,3cec3fa19630f659,3D,ad3e722e05ee9e57,+91-9411XXXX13,False
B1499,P1687,AI033,2025-06-17 11:37:36.952,INVALID,859e29276032a153,17C,b957aa92a7837e19,+91-6926XXXX64,True
B1500,P1960,UK056,2025-04-30 11:37:36.952,CONFIRMED,38ef9a97c60493e3,22D,4b8aa614d3d9627d,+91-8815XXXX86,False
B1501,P1752,SJ122,2025-09-04 11:37:36.952,CANCELLED,529e40beb97a5e13,23D,47f253a99ccede6d,+91-7115XXXX27,False
B1502,P1421,AI086,2025-10-15 11:37:36.952,CONFIRMED,e733e758ad6fec60,23F,5fe790631dfd94ea,+91-9915XXXX85,False
B1503,P1897,SJ011,2025-10-17 11:37:36.952,CONFIRMED,c9d5f459f395b7f6,25C,aa9de4cbad869742,+91-6699XXXX00,False
B1504,P1368,SJ021,2025-04-21 11:37:36.952,PENDING,8cb62a3a3f962495,4E,be55bda4fca30271,+91-9874XXXX10,False
B1505,P1645,SJ106,2025-11-29 11:37:36.952,CONFIRMED,9b142725440d6827,8F,7d337490389db441,+91-7559XXXX47,False
B1506,P1557,SJ026,2026-01-29 11:37:36.952,CANCELLED,a7c821eb36b9683f,9E,3250bebb9a7653f2,+91-6522XXXX00,False
B1507,P1049,SJ245,2025-11-27 11:37:36.952,PENDING,12dcb8fd3f7a6258,20A,d72632ea5799c6dc,+91-9252XXXX66,False
B1508,P1677,AI023,2025-07-31 11:37:36.952,UNKNOWN,43f5855e46170d59,9C,d605a2e20e7280e3,+91-9924XXXX57,False
B1509,P1105,AI032,2025-09-25 11:37:36.952,CANCELLED,ee951b21a430f3f5,14F,722bcdaf44dad105,+91-8571XXXX22,False
B1510,P1215,AI236,2025-05-11 11:37:36.952,CANCELLED,7f77f15e5102cb22,19F,e8b4b86a7b0bd090,+91-8499XXXX26,False
B1511,P1657,6F094,2025-12-24 11:37:36.952,CANCELLED,8150a9c3ab9c36e5,15C,514470e680e8f897,+91-6625XXXX52,False
B1512,P1922,UK163,2025-12-21 11:37:36.952,PENDING,56bed9f0af72bf92,4A,9bd62c786dc5c4b8,+91-7523XXXX29,False
B1513,P1424,UK163,2025-06-30 11:37:36.952,CONFIRMED,2be60c7c4711d9f3,32B,dffcf93da40e6036,+91-9929XXXX46,False
B1514,P1071,SJ045,2025-05-07 11:37:36.952,CANCELLED,766678e08e1a6e26,21E,0f99e10367dd0b33,+91-8283XXXX74,False
B1515,P1987,SJ006,2025-07-06 11:37:36.952,PENDING,16577872ef881549,26A,1f200a57a6da4d8b,+91-8625XXXX86,False
B1516,P1841,SJ103,2025-08-05 11:37:36.952,CANCELLED,a5b2050608d175e5,34F,2a30068dbb04a91e,+91-6490XXXX14,False
B1517,P1784,6F221,2026-01-16 11:37:36.952,INVALID,093725acf31f164c,31B,5a9d565b96cfea07,+91-8785XXXX15,True
B1518,P1758,SJ147,2026-03-20 11:37:36.952,INVALID,8273b138e8c8c691,30A,f503d71f55bbeb0e,+91-8723XXXX61,True
B1519,P1445,SJ064,2026-03-25 11:37:36.952,PENDING,3fb2542fe06ea346,3C,baf718074084cde5,+91-7624XXXX65,False
B1520,P1924,AI028,2026-04-02 11:37:36.952,CONFIRMED,ec92907086977ebc,27A,eb81ebbad2df9ff1,+91-6839XXXX99,False
B1521,P1185,AI148,2025-11-08 11:37:36.952,PENDING,4e3f8727bd816fe9,31E,dd8b9e4479ef975e,+91-7971XXXX94,False
B1522,P1069,6F263,2025-08-31 11:37:36.952,CONFIRMED,301070aeb913813f,1C,cc681f1633a347f8,+91-9297XXXX31,False
B1523,P1973,SJ067,2025-05-19 11:37:36.952,PENDING,344c03a1875ecb8a,21F,e0d240dd4cf9ab4c,+91-7451XXXX58,False
B1524,P1149,6F061,2025-06-17 11:37:36.952,PENDING,17e5be0e7bd8a744,23D,fdcf8e1f6b61994f,+91-9301XXXX63,False
B1525,P1245,AI254,2025-05-29 11:37:36.952,UNKNOWN,da7a8bba9eb40cc5,11E,dea498cc9e618005,+91-9732XXXX27,False
B1526,P1773,SJ136,2025-11-15 11:37:36.952,CONFIRMED,47de0f9ec6911822,17D,a8d61c438d3247a6,+91-9381XXXX69,False
B1527,P1537,AI046,2025-07-09 11:37:36.952,PENDING,166b517462ac81fe,8A,2938c6b6783ce470,+91-8615XXXX22,False
B1528,P1934,UK174,2026-03-28 11:37:36.952,PENDING,2d666ac1fe8648d8,6E,81f97d884b4bc33c,+91-9812XXXX67,False
B1529,P1651,6F066,2025-04-30 11:37:36.952,UNKNOWN,059e516b8b1c2af0,34C,0e1c1517513b65c5,+91-9725XXXX33,False
B1530,P1098,UK095,2025-12-08 11:37:36.952,INVALID,4a73104892ca5b04,23E,f676dabc91bf35a5,+91-7656XXXX54,True
B1531,P1909,6F063,2026-04-01 11:37:36.952,PENDING,914a68bb6e2bcd04,30F,ae201f8ceae12664,+91-6980XXXX08,False
B1532,P1277,UK118,2025-04-22 11:37:36.952,PENDING,454a7ed53b8f0249,30A,434218660e747302,+91-8905XXXX14,False
B1533,P1562,UK218,2025-09-15 11:37:36.952,PENDING,79cedd99f6c3832c,28D,fc08a3001b00757b,+91-7661XXXX84,False
B1534,P1662,UK031,2025-09-11 11:37:36.952,CONFIRMED,838cf05fdb4ca065,34E,2ebf4c7ae8c90b14,+91-8907XXXX86,False
B1535,P1943,UK142,2026-04-02 11:37:36.952,PENDING,88607cd08d7b69c4,6C,9912d1f2f71b5835,+91-8718XXXX14,False
B1536,P1454,AI002,2025-06-01 11:37:36.952,UNKNOWN,e188915baa271b34,4C,5ec2dedcbacdffc4,+91-8258XXXX12,False
B1537,P1103,UK070,2025-10-08 11:37:36.952,CONFIRMED,43f5106e8f7d6db0,21F,81b02e88d72a93da,+91-6910XXXX25,False
B1538,P1945,SJ121,2026-03-17 11:37:36.952,PENDING,f052a620a0766153,8E,92478a258fb72ff3,+91-7945XXXX44,False
B1539,P1600,UK201,2025-06-11 11:37:36.952,CONFIRMED,81b92270a542a6b3,20B,b2416baa2fbb693b,+91-8475XXXX59,False
B1540,P1652,AI138,2026-01-15 11:37:36.952,CANCELLED,cd3e2312514623b7,7E,d634f8bebdce3efe,+91-6145XXXX91,False
B1541,P1724,SJ014,2025-12-16 11:37:36.952,CONFIRMED,9f0fa73d8dac81ee,26A,81b274d293d70823,+91-8848XXXX45,False
B1542,P1232,SJ053,2025-12-13 11:37:36.952,PENDING,74a72c6927a95122,14F,8c988a0b98ba8679,+91-8647XXXX37,False
B1543,P1393,SJ241,2025-06-16 11:37:36.952,CANCELLED,dd85dff262ffc494,4F,e664e7346f7113ed,+91-6772XXXX71,False
B1544,P1500,AI249,2025-09-01 11:37:36.952,CANCELLED,e9ff4c45f30dac9d,16A,519584ea531862ac,+91-8514XXXX93,False
B1545,P1694,AI176,2026-03-08 11:37:36.952,PENDING,82f71a92095828d6,8A,aab1b17d08eceeb4,+91-9411XXXX20,False
B1546,P1250,SJ234,2026-04-02 11:37:36.952,PENDING,5c78f1659a5d8c71,32B,ccc5416363d62cae,+91-9130XXXX67,False
B1547,P1520,6F115,2025-04-18 11:37:36.952,PENDING,5f20381049089b9d,16C,256d29ea1d2de23a,+91-7659XXXX07,False
B1548,P1078,AI020,2025-10-04 11:37:36.952,CONFIRMED,004700a6ec394d95,7E,2cbd8b813ae4a03c,+91-9447XXXX39,False
B1549,P1051,AI020,2025-12-16 11:37:36.952,CONFIRMED,34c905c1166f749c,24A,71e0b41e671d5b70,+91-6302XXXX99,False
B1550,P1897,6F079,2025-12-06 11:37:36.952,CONFIRMED,04f42f1caa62dae2,10D,ed0afd4a9a8a300a,+91-9323XXXX49,False
B1551,P1920,6F104,2025-11-14 11:37:36.952,INVALID,64796af12f6f46b5,8E,677e53d1f6635064,+91-7735XXXX88,True
B1552,P1780,UK046,2026-02-06 11:37:36.952,PENDING,f72f81735f2837a6,32D,1ca566d23cfcbbdf,+91-8846XXXX11,False
B1553,P1225,SJ217,2025-11-15 11:37:36.952,CONFIRMED,0ce1684f4bea9fe6,33D,22e58db828ae4cbf,+91-8443XXXX42,False
B1554,P1050,6F142,2025-08-26 11:37:36.952,CANCELLED,5aa8bb52a634ead6,8D,ddf922a96ba4c5f3,+91-8311XXXX52,False
B1555,P1185,SJ139,2026-04-04 11:37:36.952,CONFIRMED,5b06652997120621,3B,07835a8418f62ed7,+91-8323XXXX97,False
B1556,P1033,6F059,2026-01-18 11:37:36.952,CANCELLED,520f504401e600d8,31D,ec3375ebbd710b1d,+91-8649XXXX37,False
B1557,P1802,6F067,2025-08-10 11:37:36.952,PENDING,24d5048a105560fe,17A,de758fd935e6eeed,+91-7870XXXX50,False
B1558,P1741,AI007,2025-08-07 11:37:36.952,PENDING,608cc3df508877d3,27A,8a6d04e10a927f0f,+91-7685XXXX92,False
B1559,P1130,UK202,2026-01-20 11:37:36.952,CONFIRMED,3493ce2d58982ee7,5F,8a5e7de5788ca8e2,+91-7349XXXX32,False
B1560,P1631,AI200,2026-03-07 11:37:36.952,CONFIRMED,6fe3302020012a9a,18C,5d7da278f0d13032,+91-6121XXXX27,False
B1561,P1442,UK172,2026-01-27 11:37:36.952,PENDING,9184fee374e952dd,18C,c9d9284072d4d1d9,+91-7691XXXX23,False
B1562,P1837,6F214,2025-05-01 11:37:36.952,CONFIRMED,b13e0c3a02042755,10B,af62a9c9da87539c,+91-8684XXXX71,False
B1563,P1758,UK037,2025-09-11 11:37:36.952,PENDING,c94cb34830792808,27B,4ab3288cf67140da,+91-7290XXXX02,False
B1564,P1431,AI022,2025-08-14 11:37:36.952,PENDING,51138146613ce21c,17F,01ae83c05b721c2b,+91-7285XXXX93,False
B1565,P1703,AI243,2026-02-06 11:37:36.952,CANCELLED,8dd63fcb347b015c,20D,a64e8760ab6bc273,+91-9206XXXX85,False
B1566,P1496,SJ174,2025-10-08 11:37:36.952,CONFIRMED,747e37fba6a24478,29F,5a63fd90374894af,+91-7160XXXX62,False
B1567,P1402,SJ079,2025-11-13 11:37:36.952,PENDING,41f7cab22a11b60d,9A,e5ac69ae188a68b8,+91-8311XXXX70,False
B1568,P1322,UK097,2025-12-21 11:37:36.952,CONFIRMED,c60e5f91a4e9426c,21A,b16413a9aa676aa0,+91-6202XXXX58,False
B1569,P1209,AI013,2025-12-26 11:37:36.952,CANCELLED,71a5bada4b249768,14E,0b2c958c03233571,+91-9196XXXX10,False
B1570,P1614,UK196,2025-11-21 11:37:36.952,CANCELLED,b11b99ff073f3be8,25E,d71ed86e11e67fa7,+91-6898XXXX05,False
B1571,P1328,SJ213,2025-11-06 11:37:36.952,CONFIRMED,9574970e4354854f,2C,cd4f1e9c7ba1f795,+91-8862XXXX78,False
B1572,P1371,UK119,2025-05-26 11:37:36.952,CONFIRMED,8bd6e389bb696e74,5D,3cae67aa2a281739,+91-6588XXXX75,False
B1573,P1459,AI043,2026-03-18 11:37:36.952,PENDING,4fbee68b1b1907d5,19B,2ff829e1344b466b,+91-7487XXXX29,False
B1574,P1132,AI043,2025-04-29 11:37:36.952,CANCELLED,97c40749be5d2601,18A,d07f5d653f6552c1,+91-7886XXXX10,False
B1575,P1834,AI143,2025-06-16 11:37:36.952,CANCELLED,2a2f7777cb7e74d5,2B,c2249b40461b3d54,+91-7551XXXX52,False
B1576,P1650,SJ032,2025-10-20 11:37:36.952,UNKNOWN,d3b3a43f9ddff9b6,6F,7f582e05049e4e86,+91-9747XXXX59,False
B1577,P1120,6F050,2026-01-24 11:37:36.952,CONFIRMED,c73505e02fa7a4ff,23A,a1b35a3e180ee16a,+91-9139XXXX18,False
B1578,P1605,AI134,2025-12-25 11:37:36.952,PENDING,6ee8f7197c337814,6B,5fd54181c4bc0b8b,+91-9680XXXX06,False
B1579,P1451,6F182,2025-04-24 11:37:36.952,CONFIRMED,99869afb8e576dc7,28E,280ecc4e89fc58b7,+91-9236XXXX76,False
B1580,P1964,SJ086,2025-10-08 11:37:36.952,CONFIRMED,014e62b54a356ca2,20D,14a332557ffd0821,+91-8125XXXX37,False
B1581,P1128,6F170,2025-08-06 11:37:36.952,CONFIRMED,50edcabdd9dbc3ad,3D,1b5c9f89e9883ced,+91-8765XXXX60,False
B1582,P1090,UK168,2025-04-24 11:37:36.952,PENDING,4fbe75d29264793c,34B,b922c70022ff0ae6,+91-9752XXXX75,False
B1583,P1603,SJ072,2026-02-22 11:37:36.952,UNKNOWN,2b85791f3106d535,33D,5c9bd35530f0f520,+91-8582XXXX40,False
B1584,P1574,UK075,2025-04-28 11:37:36.952,CANCELLED,83994dc14a2e736c,21C,682084e223e0f952,+91-9301XXXX33,False
B1585,P1028,6F233,2026-01-08 11:37:36.952,CANCELLED,b993add7340ac912,1C,394436ae215c8627,+91-8101XXXX70,False
B1586,P1721,SJ143,2025-11-13 11:37:36.952,CANCELLED,2ffb821263b67434,25B,cfac48210a03af30,+91-8898XXXX80,False
B1587,P1523,SJ246,2025-06-28 11:37:36.952,PENDING,10e9be56bf88ce3e,34E,449805325efc24eb,+91-6230XXXX98,False
B1588,P1332,SJ247,2025-11-04 11:37:36.952,CONFIRMED,9bb428083eee74e2,10B,03e2af1a242c2b34,+91-7836XXXX13,False
B1589,P1296,UK157,2025-08-31 11:37:36.952,PENDING,e7e9babaf03885fe,3D,410686c170253887,+91-6681XXXX41,False
B1590,P1129,UK069,2026-04-01 11:37:36.952,CONFIRMED,c93d4bcd14a8e783,25B,e5526e37a45452a3,+91-6154XXXX24,False
B1591,P1292,AI106,2025-11-20 11:37:36.952,CANCELLED,bcffce099a2a20b8,8A,95074d1dd277604d,+91-7578XXXX65,False
B1592,P1172,UK085,2025-11-17 11:37:36.952,CONFIRMED,73e3548f5ebc9234,24F,d28912b0e8203daf,+91-8454XXXX91,False
B1593,P1719,6F087,2025-09-24 11:37:36.952,UNKNOWN,99fa61d96ac70cfe,1A,dd4c5f653d9e7d14,+91-8318XXXX11,False
B1594,P1943,AI067,2025-06-01 11:37:36.952,CONFIRMED,fbecff4318960147,25E,5b2750df1a65009e,+91-8404XXXX75,False
B1595,P1023,6F226,2026-01-07 11:37:36.952,PENDING,386fd33e10119c2b,4E,9c0382df2151805e,+91-7386XXXX75,False
B1596,P1098,SJ210,2025-12-20 11:37:36.952,CONFIRMED,f664e7337c99b888,15E,63cb946c2b460197,+91-9740XXXX15,False
B1597,P1405,6F269,2025-10-23 11:37:36.952,CONFIRMED,803f6f8c90619a33,33A,383b2e9d102c5274,+91-9381XXXX01,False
B1598,P1355,UK013,2026-01-02 11:37:36.952,CONFIRMED,7a08e1ceab962882,11B,3ec76a331ba4441b,+91-8587XXXX77,False
B1599,P1138,UK013,2025-09-30 11:37:36.952,PENDING,8bdcedf24ebc4eca,9E,3b150c562ddfd0c7,+91-8215XXXX33,False
B1600,P1502,UK143,2025-07-20 11:37:36.952,PENDING,537c57b65413023b,2C,1cb956d0d4066a67,+91-9222XXXX66,False
B1601,P1825,6F262,2025-09-07 11:37:36.952,PENDING,584e2c936e8d3f61,28D,73a57d0f5b57dd58,+91-6157XXXX00,False
B1602,P1173,6F042,2025-07-07 11:37:36.952,UNKNOWN,b9384e83cba3915b,2A,118a02f21d7a3002,+91-7315XXXX44,False
B1603,P1028,SJ118,2025-12-06 11:37:36.952,CANCELLED,9cb947997231e715,17E,200567ae2190ce30,+91-8112XXXX68,False
B1604,P1930,SJ118,2025-11-17 11:37:36.952,CANCELLED,b193558f2a7319d1,3C,504bbcff4c529563,+91-7254XXXX71,False
B1605,P1495,SJ082,2025-10-03 11:37:36.952,CANCELLED,72f7a74b5da048fb,6C,c8358dacfc08707b,+91-7107XXXX38,False
B1606,P1654,6F015,2025-07-18 11:37:36.952,CONFIRMED,9306651977a73ef8,23E,e2c15f622e832d54,+91-9189XXXX92,False
B1607,P1827,AI101,2026-02-02 11:37:36.952,INVALID,bb497042021c8516,30F,1466967f0c24c4b4,+91-7523XXXX46,True
B1608,P1350,SJ110,2025-06-28 11:37:36.952,CANCELLED,5943ee1fa658cd7c,10B,4c36fd2ab75c4c8f,+91-8182XXXX65,False
B1609,P1553,SJ042,2025-10-21 11:37:36.952,CANCELLED,419ab666e24b6725,19D,8f501e5fcace4273,+91-9991XXXX14,False
B1610,P1298,6F145,2025-10-13 11:37:36.952,CONFIRMED,0a0fd2e4cfa423eb,27A,b2a1e0b50b375c49,+91-8637XXXX93,False
B1611,P1719,UK029,2026-01-05 11:37:36.952,CANCELLED,a0945a94275bc078,14C,ff129144bc6d1516,+91-6429XXXX92,False
B1612,P1841,SJ200,2025-04-18 11:37:36.952,CANCELLED,af4895a7077fc34c,28C,4d6b7036d778e687,+91-8275XXXX03,False
B1613,P1944,SJ209,2026-01-29 11:37:36.952,CONFIRMED,903bad6f527b703b,6A,0789ab6a62afe1a0,+91-6820XXXX49,False
B1614,P1191,AI116,2025-05-11 11:37:36.952,UNKNOWN,bd7c88fb652cecb4,30B,6581844ba3024223,+91-6818XXXX28,False
B1615,P1671,6F117,2025-05-23 11:37:36.952,CANCELLED,3b36f1dc7dc4cafb,33B,1b0216fb331de886,+91-6667XXXX11,False
B1616,P1063,SJ181,2025-12-23 11:37:36.952,PENDING,5b666b8d32ad9790,17A,e520e561a44d49bc,+91-8205XXXX27,False
B1617,P1754,AI070,2025-05-10 11:37:36.952,INVALID,d80c8f9130595471,18A,192f225279f4caf7,+91-7365XXXX04,True
B1618,P1769,AI070,2026-01-19 11:37:36.952,CONFIRMED,fe61a99fbc6d87e2,1B,bc8eda955c99c46f,+91-9252XXXX30,False
B1619,P1663,UK042,2026-02-05 11:37:36.952,PENDING,a0480f74697ee93c,13A,e05c9a11cdcc7932,+91-9691XXXX40,False
B1620,P1214,AI169,2026-02-24 11:37:36.952,PENDING,39107e8202f93a77,1B,24b952d91c903d31,+91-8609XXXX27,False
B1621,P1833,6F021,2025-12-21 11:37:36.952,PENDING,5145cbb6ece30949,27A,c6aafc59c389c43c,+91-6776XXXX45,False
B1622,P1165,SJ046,2025-06-23 11:37:36.952,PENDING,304273355b65f6c7,19F,a61985137b8f4215,+91-9982XXXX13,False
B1623,P1542,AI211,2025-08-17 11:37:36.952,CANCELLED,2e20878f53f4bea4,22B,9bc63568e24bc2ad,+91-8669XXXX53,False
B1624,P1882,SJ091,2025-12-20 11:37:36.952,CANCELLED,94b4292bf2b6f06a,34F,08a0000c19c6cd4c,+91-6606XXXX44,False
B1625,P1231,AI123,2026-04-05 11:37:36.952,PENDING,001b34aae3838d49,7D,8c691d6131a77a8c,+91-6693XXXX99,False
B1626,P1793,6F053,2025-04-17 11:37:36.952,CANCELLED,62e3373b141d05f4,25C,feed4ce36fd28b97,+91-9626XXXX32,False
B1627,P1540,UK012,2026-01-09 11:37:36.952,PENDING,04f8eff7f9ec1866,27E,ea341329f962803e,+91-6107XXXX94,False
B1628,P1194,6F023,2025-11-25 11:37:36.952,PENDING,d1651e7204b948be,33A,f6f47e71ace2d591,+91-6282XXXX38,False
B1629,P1505,AI250,2026-01-02 11:37:36.952,CONFIRMED,f345f8c48250a77a,11A,e71056efb7246304,+91-9728XXXX72,False
B1630,P1333,AI238,2026-04-07 11:37:36.952,PENDING,fedab81b97d07c27,26F,c0a0afc1f9b1099c,+91-9121XXXX69,False
B1631,P1767,UK096,2026-02-17 11:37:36.952,CANCELLED,edc2b1fe09b5c491,24F,460c5e831496d682,+91-7196XXXX53,False
B1632,P1792,UK126,2026-03-30 11:37:36.952,PENDING,ca49e09b033fcc63,1D,6d7e0f0ad166b796,+91-6333XXXX81,False
B1633,P1303,SJ195,2025-08-30 11:37:36.952,CONFIRMED,22b03231d23d73e1,8E,df0d7bf052318cc4,+91-7720XXXX69,False
B1634,P1832,SJ171,2025-12-25 11:37:36.952,CANCELLED,82a2c1ff0b1d7815,1C,9324478cff13f6d5,+91-6893XXXX98,False
B1635,P1436,AI136,2025-08-14 11:37:36.952,INVALID,e1998b152157056b,7C,c75abfa45b62fd39,+91-6504XXXX59,True
B1636,P1322,SJ192,2025-05-27 11:37:36.952,CONFIRMED,22c6f528349c32f5,22B,d03b22dc98650a1b,+91-8690XXXX80,False
B1637,P1501,6F035,2025-12-01 11:37:36.952,PENDING,8a550e93d2b98554,27C,0bb98f80bb4599a5,+91-7626XXXX28,False
B1638,P1857,UK088,2026-02-23 11:37:36.952,CONFIRMED,93a962e5cd55805b,22C,0567f70130445e3b,+91-6246XXXX81,False
B1639,P1913,6F009,2025-09-14 11:37:36.952,CONFIRMED,0e7262df12d4aafd,24E,aef6bcc61a70861b,+91-9644XXXX73,False
B1640,P1392,6F004,2026-01-28 11:37:36.952,CANCELLED,e956f272a7649927,30B,843fcbe44d4d2035,+91-7888XXXX51,False
B1641,P1805,UK122,2026-03-27 11:37:36.952,UNKNOWN,9784824164783283,28D,f96fe9ea41ca8083,+91-9251XXXX71,False
B1642,P1598,AI251,2026-02-15 11:37:36.952,PENDING,82a66453ebf67894,4E,648703f0e6fd15a0,+91-9231XXXX44,False
B1643,P1148,AI027,2026-02-04 11:37:36.952,PENDING,b9c2dfb866459fce,14A,0646b9ed959e57e7,+91-9441XXXX74,False
B1644,P1760,SJ165,2025-10-20 11:37:36.952,PENDING,3ca82288d3d218a4,20E,a04e92ca5e22cf79,+91-8857XXXX92,False
B1645,P1832,UK081,2025-08-16 11:37:36.952,CONFIRMED,7e25a57fd6173097,17D,24bc794bca98a571,+91-9258XXXX29,False
B1646,P1404,UK191,2025-09-27 11:37:36.952,CANCELLED,d7820202cd60a169,28C,f16ba0db05ca8a36,+91-7111XXXX76,False
B1647,P1282,SJ188,2025-11-06 11:37:36.952,PENDING,2378c65d666ef67c,14F,4be9c73a117ec92c,+91-9610XXXX40,False
B1648,P1361,6F016,2025-08-09 11:37:36.952,CONFIRMED,ecb51317af72fb7a,33D,975c0fc9c13535ae,+91-6536XXXX68,False
B1649,P1378,6F064,2026-04-05 11:37:36.952,PENDING,3d11a0e4e2cd8f69,4F,1b664f7e78c66547,+91-8937XXXX14,False
B1650,P1197,SJ105,2026-04-03 11:37:36.952,UNKNOWN,1070efae7e8c19d3,10D,173bee1caac76014,+91-7720XXXX33,False
B1651,P1555,SJ054,2025-09-09 11:37:36.952,CANCELLED,02726e927e6065df,21B,bbad4f5b2bc26479,+91-8541XXXX99,False
B1652,P1355,6F197,2025-12-19 11:37:36.952,PENDING,dc55363f5e07eec2,23C,9099312770cc30f8,+91-7568XXXX69,False
B1653,P1539,AI040,2026-03-26 11:37:36.952,CANCELLED,41bece6a7e894ded,31B,1f70b1882139e778,+91-9904XXXX04,False
B1654,P1428,AI131,2025-08-14 11:37:36.952,UNKNOWN,64b0039a8b540cab,31A,0c8c84a672aa39ca,+91-6917XXXX87,False
B1655,P1016,6F141,2025-10-09 11:37:36.952,PENDING,07fe93ff7ae72331,7D,b62da510708ddb76,+91-7161XXXX50,False
B1656,P1638,UK035,2025-05-12 11:37:36.952,CONFIRMED,af33db7130aae254,26E,427fb5deecd2f9a7,+91-7134XXXX41,False
B1657,P1378,AI005,2025-08-28 11:37:36.952,CONFIRMED,4c89f93dc776328a,12B,d9d4e9eff5c453c0,+91-6293XXXX51,False
B1658,P1679,AI001,2025-06-22 11:37:36.952,CONFIRMED,91da58229ab7b17a,18D,e41dcd4f46a7ff6d,+91-6165XXXX91,False
B1659,P1505,UK211,2026-01-17 11:37:36.952,PENDING,bfd509f578794027,6D,989c127f37d84c29,+91-7578XXXX31,False
B1660,P1755,SJ189,2026-04-04 11:37:36.952,CANCELLED,89777ae3afe00e5b,12D,00a72f899c4b922f,+91-9297XXXX70,False
B1661,P1898,UK006,2025-04-21 11:37:36.952,PENDING,3c2f34cf4b1462fb,18D,e9bc63003f9844ed,+91-9359XXXX64,False
B1662,P1075,6F189,2025-10-13 11:37:36.952,CONFIRMED,c1258fff7fac0e46,17A,76bdf1acc21cdc88,+91-7475XXXX98,False
B1663,P1230,AI133,2025-05-16 11:37:36.952,CANCELLED,a5b09180ac4dfdec,15B,b391f18bcf328580,+91-9852XXXX91,False
B1664,P1715,SJ216,2025-11-08 11:37:36.952,CONFIRMED,ee846f7fc8b2767e,25B,7aa7621dcc6a2905,+91-8800XXXX11,False
B1665,P1961,SJ133,2026-03-04 11:37:36.952,CANCELLED,6d87b3cda6fcbdd5,29D,06a9f5030a61bc7f,+91-8984XXXX03,False
B1666,P1247,UK082,2026-03-05 11:37:36.952,PENDING,709c52308f289659,32C,19b3619028c3b0ac,+91-8125XXXX06,False
B1667,P1301,6F136,2026-02-16 11:37:36.952,CANCELLED,c325fe63e8ab83e4,32C,59921bce05692f8b,+91-9123XXXX25,False
B1668,P1725,6F039,2025-04-30 11:37:36.952,PENDING,ddce065aa2596b2f,3B,63a76d2fe0a8aeac,+91-7928XXXX08,False
B1669,P1214,AI011,2025-06-16 11:37:36.952,CONFIRMED,f53b16a4da505949,3E,0ae810f5e5ed0436,+91-7286XXXX69,False
B1670,P1157,SJ225,2025-05-12 11:37:36.952,CANCELLED,0f5ade7232262334,16C,2269ab5fc60c0a91,+91-6143XXXX26,False
B1671,P1068,SJ024,2025-07-08 11:37:36.952,CONFIRMED,4a0faf48c4f1c831,22C,ff8c44bfdd408ed0,+91-8954XXXX50,False
B1672,P1392,AI109,2025-08-01 11:37:36.952,CANCELLED,84949039004b9749,14E,5f858cd3c617a0ba,+91-7910XXXX94,False
B1673,P1084,AI147,2025-06-12 11:37:36.952,UNKNOWN,e91929b6bca59743,28B,18942d425c652eef,+91-6971XXXX11,False
B1674,P1266,UK057,2025-11-03 11:37:36.952,CANCELLED,ffaf9a5b8b93be0c,18C,f91fa42be0abaefa,+91-6273XXXX82,False
B1675,P1068,6F111,2025-08-01 11:37:36.952,CANCELLED,e6996d0bb7bac672,9A,7013cc032dd964da,+91-6253XXXX92,False
B1676,P1610,AI197,2026-04-14 11:37:36.952,PENDING,1fbbe09cab82e89f,24C,04b23a45b8f30c63,+91-7170XXXX22,False
B1677,P1346,UK127,2026-01-31 11:37:36.952,PENDING,e72449516e02ad02,29C,7c6ca3a675bf0c40,+91-6729XXXX84,False
B1678,P1961,6F240,2025-12-31 11:37:36.952,PENDING,92c544f8889b0da5,24B,6c80ca248d432044,+91-9237XXXX13,False
B1679,P1727,6F257,2025-08-17 11:37:36.952,CANCELLED,4c8f443442c1110c,25A,ee6a6597ece023e2,+91-7852XXXX28,False
B1680,P1926,AI253,2026-03-19 11:37:36.952,UNKNOWN,5765bdae19d664e0,11F,0bee63e43af0a37f,+91-8438XXXX89,False
B1681,P1672,SJ135,2026-04-02 11:37:36.952,CANCELLED,1cd0e70d4bc1a925,15C,019a9bc11064df7e,+91-8110XXXX77,False
B1682,P1422,UK112,2025-07-10 11:37:36.952,CANCELLED,a38eb335ca46661c,20B,b92745a794353ce5,+91-6655XXXX62,False
B1683,P1605,AI050,2025-08-07 11:37:36.952,CONFIRMED,c580197224530bbd,9C,26dd9f2cfae0f9f7,+91-8240XXXX31,False
B1684,P1173,UK060,2025-11-18 11:37:36.952,PENDING,b4a6fa2a178c5874,8E,a6e49f5c5edd37d8,+91-7890XXXX37,False
B1685,P1676,SJ183,2025-05-15 11:37:36.952,CANCELLED,5902918b45dee930,25E,68ce3a8cf16cae4c,+91-7324XXXX94,False
B1686,P1114,UK138,2025-11-17 11:37:36.952,CONFIRMED,3da51e383f8aa167,23E,c925ed8e94303c9d,+91-6278XXXX76,False
B1687,P1219,SJ071,2025-10-12 11:37:36.952,PENDING,52617cbf90a4b7b2,22F,c92d8836cc097e3a,+91-8889XXXX89,False
B1688,P1955,AI057,2025-06-14 11:37:36.952,PENDING,ab512d5e4e665e11,9D,8edb9851ae4861a4,+91-7119XXXX32,False
B1689,P1030,SJ151,2025-07-10 11:37:36.952,CANCELLED,2706005c48cdacb5,20B,33c2b15b830bd3bd,+91-8891XXXX43,False
B1690,P1522,SJ144,2025-06-28 11:37:36.952,PENDING,578b2e1ca3bf28e4,12C,4665d0aeeaf13d1e,+91-6910XXXX39,False
B1691,P1342,SJ087,2026-01-23 11:37:36.952,PENDING,9d3a3fb9caef7d65,12E,d32d33e6c4e65bf9,+91-9302XXXX46,False
B1692,P1376,SJ066,2026-04-02 11:37:36.952,CONFIRMED,573a5df3266abb8f,18A,56bc99f771673a5c,+91-8711XXXX49,False
B1693,P1129,AI247,2026-01-02 11:37:36.952,CONFIRMED,ff3536ffe244c077,11F,8d14ad2b666ba2a0,+91-9142XXXX41,False
B1694,P1999,SJ102,2026-04-01 11:37:36.952,PENDING,64e8b605e5bfb366,24D,7c7b2526d9e61448,+91-7298XXXX13,False
B1695,P1616,6F252,2026-04-13 11:37:36.952,CONFIRMED,c46079339e0494cc,4F,eb52582d3fef884f,+91-6717XXXX31,False
B1696,P1538,6F055,2025-11-28 11:37:36.952,PENDING,9e88e9948d336732,11C,50fe9f115ad26b9d,+91-9200XXXX89,False
B1697,P1738,AI204,2025-11-12 11:37:36.952,CANCELLED,8d9cbfd28b7aba08,34B,bfbb6e5418c471bd,+91-9621XXXX58,False
B1698,P1001,AI016,2026-02-02 11:37:36.952,CONFIRMED,1f387b138e9294ba,31D,f105596e3329d5c8,+91-7519XXXX40,False
B1699,P1870,AI209,2025-12-11 11:37:36.952,PENDING,4fa9a9257469f960,15D,1022d031a25e52ff,+91-7314XXXX89,False
B1700,P1100,SJ211,2026-01-04 11:37:36.952,PENDING,e950e2ec276e7843,14B,a24d242023c79367,+91-9223XXXX91,False
B1701,P1532,6F103,2025-10-16 11:37:36.952,CONFIRMED,58b7c09d02159f7c,13F,fc3c868673e89fe1,+91-6517XXXX75,False
B1702,P1057,UK182,2025-04-22 11:37:36.952,CONFIRMED,347eb02c1f3c8af6,31F,d687afe76ae4e6fd,+91-9661XXXX40,False
B1703,P1388,6F264,2025-12-25 11:37:36.952,CANCELLED,3f1049906a82d01d,19B,4d1aaab4f32c8ca0,+91-6979XXXX83,False
B1704,P1691,6F027,2025-07-23 11:37:36.952,PENDING,0238697c12a9ea1b,29A,88054c8ecfb1895c,+91-6997XXXX47,False
B1705,P1940,UK198,2026-01-31 11:37:36.952,CANCELLED,64c4824b9c6ed6b5,3B,feb70b530608100f,+91-8701XXXX29,False
B1706,P1340,6F171,2025-09-07 11:37:36.952,CANCELLED,298bea3907b10c96,15C,93a26413dcbe9662,+91-8559XXXX87,False
B1707,P1860,AI004,2025-07-05 11:37:36.952,CANCELLED,056d84b391428fda,1B,ddbd1a366e7896bc,+91-8415XXXX65,False
B1708,P1019,6F157,2025-11-22 11:37:36.952,CONFIRMED,983d9a96703a4ab7,3C,a52b010d44f004a2,+91-9285XXXX43,False
B1709,P1254,AI018,2025-10-03 11:37:36.952,CANCELLED,349a4c2c0835ddd5,22B,836eb960930d5295,+91-8771XXXX61,False
B1710,P1316,UK098,2025-08-05 11:37:36.952,CONFIRMED,647af5bb99da770f,21E,0424dd742c628f1f,+91-6996XXXX81,False
B1711,P1037,6F167,2026-01-29 11:37:36.952,UNKNOWN,0ebdd00dff413b96,4C,9c34634e08f58e3b,+91-9795XXXX31,False
B1712,P1659,AI228,2025-09-06 11:37:36.952,CANCELLED,540b7fba8a1b036e,17C,cb9b329d27d947da,+91-7590XXXX30,False
B1713,P1536,SJ242,2025-08-31 11:37:36.952,CANCELLED,140cfd4663f54d6e,17D,31c796a470dd5330,+91-9241XXXX28,False
B1714,P1385,6F227,2025-12-11 11:37:36.952,PENDING,d173fd30ce49cbd5,34C,b4bd1b909401204f,+91-6164XXXX02,False
B1715,P1632,6F037,2025-08-27 11:37:36.952,CANCELLED,80045b0230c5ce02,20C,af2c99efaa4a04c0,+91-6848XXXX47,False
B1716,P1927,6F107,2025-12-22 11:37:36.952,PENDING,eefac9b242fa3fc2,28A,692305834035f9e6,+91-8139XXXX25,False
B1717,P1025,SJ125,2025-11-06 11:37:36.952,CANCELLED,d5bd348a426fac3e,14A,0c5450874eaa3a1a,+91-9618XXXX46,False
B1718,P1453,UK117,2025-06-17 11:37:36.952,CANCELLED,555d5de9e83c8d0d,9B,e961ca79ccc5f4c9,+91-7551XXXX96,False
B1719,P1680,6F192,2025-11-12 11:37:36.952,CANCELLED,478cd13e30118913,29E,4db6e6af24ad6d8f,+91-9453XXXX25,False
B1720,P1322,AI201,2025-11-27 11:37:36.952,CANCELLED,63c3bb04a206c7c0,27B,ab4e28204ba1ee1f,+91-8829XXXX78,False
B1721,P1736,SJ126,2026-03-25 11:37:36.952,PENDING,af61eaecf4faa036,21A,ad716bb7476798ac,+91-8713XXXX15,False
B1722,P1512,AI177,2026-02-10 11:37:36.952,PENDING,e9f9250837f20537,5E,f5eba45ab918fb09,+91-9833XXXX57,False
B1723,P1818,AI092,2025-12-23 11:37:36.952,CANCELLED,8d6b1747f9cb8bfc,26B,5c9e9c0ce499e301,+91-6609XXXX69,False
B1724,P1772,6F076,2025-10-10 11:37:36.952,CANCELLED,22c9da149d1861f6,11D,dd6cedee3beea768,+91-6703XXXX96,False
B1725,P1012,AI185,2025-04-29 11:37:36.952,PENDING,8a5dd122844aaef6,1E,ceff527bea82d440,+91-9983XXXX47,False
B1726,P1914,AI055,2025-05-14 11:37:36.952,CONFIRMED,7b7918d446257b8b,2B,613498c37e55bf19,+91-7193XXXX06,False
B1727,P1907,6F222,2026-03-15 11:37:36.952,CONFIRMED,fe9cbe9c834dbb8f,27D,78614c4328594977,+91-6508XXXX75,False
B1728,P1559,AI090,2025-12-12 11:37:36.952,CONFIRMED,7dfbac4e300c7c8a,1C,65e11e966d710afd,+91-8752XXXX03,False
B1729,P1920,AI183,2025-06-03 11:37:36.952,PENDING,3ee034a7699e365f,4F,fcd3d47bc0dc55b7,+91-7940XXXX35,False
B1730,P1824,AI041,2025-04-29 11:37:36.952,PENDING,1669c9ce631b2979,25F,0700c43c8ff0fc58,+91-9788XXXX32,False
B1731,P1370,6F210,2025-07-12 11:37:36.952,CONFIRMED,9a033f8110a7652e,25F,ce6b571a4ac2f104,+91-8929XXXX91,False
B1732,P1290,AI170,2026-01-15 11:37:36.952,CONFIRMED,4bdaf3e0f66ccdad,3A,561f1ee4e3b149aa,+91-9158XXXX07,False
B1733,P1331,SJ008,2026-04-16 11:37:36.952,CANCELLED,a12b3837cc0bc832,2E,5300c5673304cb23,+91-6655XXXX79,False
B1734,P1605,AI049,2025-09-29 11:37:36.952,PENDING,46ad88a1b0c6f7a4,27E,759cf90395899c7f,+91-7799XXXX05,False
B1735,P1260,SJ132,2025-05-12 11:37:36.952,PENDING,127f5b286f03365b,34E,708b7a3c8437a7a4,+91-8706XXXX16,False
B1736,P1993,SJ224,2026-01-26 11:37:36.952,CONFIRMED,8356c77245282023,28E,12365479663275bd,+91-6872XXXX49,False
B1737,P1789,UK038,2025-06-11 11:37:36.952,CONFIRMED,fe9f49d479bc581f,1E,b95563cd9e42a50e,+91-6669XXXX44,False
B1738,P1870,SJ220,2025-08-14 11:37:36.952,PENDING,260b64ad720d99c4,27B,77c70415256761ca,+91-8401XXXX03,False
B1739,P1204,6F124,2025-06-29 11:37:36.952,CANCELLED,06ff8e5f1d00ccc7,34F,a068e75e0ccc8598,+91-9106XXXX22,False
B1740,P1696,SJ164,2025-11-16 11:37:36.952,CONFIRMED,0f190c55e4925e31,14D,7d6a78d2cc0a6bcf,+91-6728XXXX52,False
B1741,P1686,AI026,2025-05-18 11:37:36.952,PENDING,7ccf3a00f4d39961,18E,24ff8801f458840c,+91-9534XXXX79,False
B1742,P1949,6F144,2025-09-14 11:37:36.952,PENDING,4817a9d9a9b9afad,16D,2d525c4ed0964faa,+91-8242XXXX45,False
B1743,P1386,6F137,2025-11-21 11:37:36.952,INVALID,1ef8909deb4c9eca,6F,0abb9ea8cedfa192,+91-9948XXXX37,True
B1744,P1891,UK139,2025-09-05 11:37:36.952,CANCELLED,7ecc949ebec3c2b8,10A,54731ed08584f5d7,+91-8869XXXX10,False
B1745,P1820,UK139,2025-05-20 11:37:36.952,CONFIRMED,4b9aa9ac228cb8be,27B,135ad41967aed592,+91-7236XXXX03,False
B1746,P1467,SJ140,2025-08-31 11:37:36.952,CONFIRMED,2c56296f1bb93391,34D,c0c0e559d9940a8c,+91-8728XXXX93,False
B1747,P1414,6F131,2025-04-20 11:37:36.952,CONFIRMED,8236498c3f3d091c,9F,428992285db78a64,+91-6375XXXX05,False
B1748,P1068,UK128,2025-11-15 11:37:36.952,PENDING,338ef26a500397ca,9A,51cf4cb653a3c9e6,+91-9547XXXX49,False
B1749,P1471,SJ219,2026-02-19 11:37:36.952,CONFIRMED,191127b3706a7ccd,23D,ff6c07baaef97927,+91-7731XXXX91,False
B1750,P1103,SJ159,2025-09-21 11:37:36.952,PENDING,91ac4350351528c5,33D,867c44a031185191,+91-9584XXXX35,False
B1751,P1757,UK192,2025-09-19 11:37:36.952,CONFIRMED,cb7b37036658eda2,17E,b00795eee23eb5dd,+91-7152XXXX41,False
B1752,P1160,AI014,2025-08-13 11:37:36.952,CANCELLED,c86f28c0561f2fa1,34F,4d3e18fec13e0ec2,+91-7920XXXX11,False
B1753,P1199,SJ152,2025-08-08 11:37:36.952,CANCELLED,6f3ffb5b439069a2,5C,4b2ac44944d0eae5,+91-8153XXXX27,False
B1754,P1215,SJ060,2026-02-11 11:37:36.952,PENDING,177b0a147a6b00c8,3C,9e37a4bf2688f9f0,+91-6333XXXX58,False
B1755,P1945,AI127,2026-02-17 11:37:36.952,CANCELLED,638ad51df67a0ec2,10F,fa8afe33c7685cdf,+91-9242XXXX29,False
B1756,P1211,SJ096,2026-01-27 11:37:36.952,PENDING,99be7ffaf08f3231,11F,74f920fcfaa16aaa,+91-7418XXXX38,False
B1757,P1507,AI215,2025-04-24 11:37:36.952,PENDING,8a51fb1e547faf9d,22B,5f3f496dfc2d9459,+91-6712XXXX29,False
B1758,P1015,UK009,2026-02-28 11:37:36.952,CANCELLED,0e38f2a097d1b14e,26B,2280aa162a67e04c,+91-6796XXXX16,False
B1759,P1497,AI171,2025-10-26 11:37:36.952,PENDING,9c70ea467dcc79c8,16F,8b0abf32ba300527,+91-6581XXXX64,False
B1760,P1883,UK151,2026-01-14 11:37:36.952,CANCELLED,5cbf403616dff412,31B,2358237a7d092275,+91-8107XXXX65,False
B1761,P1331,AI099,2025-05-22 11:37:36.952,CONFIRMED,0a705f295b725033,15A,3513ab062f015e7b,+91-7617XXXX64,False
B1762,P1716,UK050,2025-06-04 11:37:36.952,CONFIRMED,4c14fdb09bd91b1b,32B,b79e10f2f093677f,+91-7178XXXX86,False
B1763,P1876,UK092,2025-10-06 11:37:36.952,CANCELLED,af24359e0fec42c2,3B,2e8660e1a8afb3f4,+91-8994XXXX64,False
B1764,P1550,SJ058,2025-06-20 11:37:36.952,CANCELLED,1d84a4eafb344e63,13B,0880d1db162f1836,+91-9143XXXX67,False
B1765,P1600,SJ090,2025-12-21 11:37:36.952,CANCELLED,3396637fe82a39f7,1C,1de27b277973d6a0,+91-9563XXXX23,False
B1766,P1941,6F173,2025-09-07 11:37:36.952,CANCELLED,4ee3b8e3ee769be8,1F,8326118474d917a3,+91-9544XXXX67,False
B1767,P1255,AI186,2025-11-19 11:37:36.952,CONFIRMED,c0f080e1b34cf41a,6D,2e4b9cfbb725e669,+91-7805XXXX57,False
B1768,P1991,AI130,2026-03-23 11:37:36.952,PENDING,bd6a0d2c798f3aa5,13C,cf21c619387c207d,+91-6749XXXX15,False
B1769,P1765,SJ111,2025-11-23 11:37:36.952,INVALID,ff66fdd525b3b888,6F,89c16cefcdc46072,+91-6444XXXX87,True
B1770,P1727,6F203,2025-08-04 11:37:36.952,CONFIRMED,1e5235ae613b7d58,8D,1a14e276bdae38e9,+91-6794XXXX47,False
B1771,P1879,6F138,2025-05-24 11:37:36.952,PENDING,a74ed66cd285e036,1F,713d6c38ea9b8db6,+91-8442XXXX29,False
B1772,P1814,6F109,2025-08-29 11:37:36.952,UNKNOWN,70123f72a8aa04aa,10B,562c959d859827dd,+91-6963XXXX79,False
B1773,P1171,AI074,2026-01-01 11:37:36.952,PENDING,ebdff149143b7fb2,16E,74d91e32c2932b85,+91-8981XXXX33,False
B1774,P1648,UK161,2026-01-07 11:37:36.952,CANCELLED,ecd592630bcacb85,1B,43ed92774ec85852,+91-9445XXXX99,False
B1775,P1999,AI008,2025-06-19 11:37:36.952,CANCELLED,441a6d012e187371,14B,6f523b4aa8f89086,+91-7467XXXX51,False
B1776,P1497,UK121,2025-12-27 11:37:36.952,CANCELLED,3902e6fdba855f6a,17A,bf55bf1ce0dc2517,+91-6918XXXX05,False
B1777,P1470,6F154,2025-04-26 11:37:36.952,CONFIRMED,619c3c0b7eba0f75,11A,40bbe8b0857e6d4d,+91-6743XXXX32,False
B1778,P1383,6F161,2025-08-01 11:37:36.952,CONFIRMED,492c96bdc2322c34,10D,c97b3c6ee93af3bf,+91-9207XXXX33,False
B1779,P1689,6F153,2026-02-01 11:37:36.952,PENDING,b1809ad961882b6f,22B,1e07b9cb3a265242,+91-9358XXXX08,False
B1780,P1588,6F225,2026-02-10 11:37:36.952,PENDING,b3b9c8963c615f1c,11B,bee511e2980ff9aa,+91-6436XXXX21,False
B1781,P1699,AI191,2026-02-09 11:37:36.952,PENDING,b58f9085f87b2e46,18C,1744428c0fd53839,+91-9879XXXX56,False
B1782,P1506,AI218,2025-08-18 11:37:36.952,CONFIRMED,389070e1808a5118,25F,e7d453f11f250ba8,+91-6983XXXX15,False
B1783,P1991,6F267,2025-09-28 11:37:36.952,PENDING,b75fbff4662425fa,25D,10082068ba32d173,+91-7537XXXX35,False
B1784,P1526,UK125,2025-08-20 11:37:36.952,CANCELLED,424dd95e552be7ed,1B,1c2130b405b87b7a,+91-9179XXXX81,False
B1785,P1803,6F208,2025-08-19 11:37:36.952,PENDING,5a4824d42f8993fe,1B,78128cbf7db87603,+91-9655XXXX43,False
B1786,P1830,6F119,2026-02-12 11:37:36.952,CANCELLED,a3db551382f9a4a5,26B,feaaac34a3838ad4,+91-9990XXXX45,False
B1787,P1324,AI063,2025-07-11 11:37:36.952,CONFIRMED,24378c286b8ef2e2,1E,641b3febcd798fe9,+91-6111XXXX87,False
B1788,P1213,UK016,2025-06-05 11:37:36.952,CANCELLED,59dd2f23fc7ee9db,2B,e1e35d295457e4f3,+91-8245XXXX12,False
B1789,P1207,6F048,2026-01-13 11:37:36.952,CANCELLED,2f3856ab4034b421,30F,60373d07e6582f23,+91-8348XXXX33,False
B1790,P1168,6F266,2025-04-23 11:37:36.952,CANCELLED,cfaf1d8337135dfe,28A,5ceea5452265a1c7,+91-7597XXXX51,False
B1791,P1329,AI167,2026-02-24 11:37:36.952,CONFIRMED,9ce5908a586e12af,3C,0b3f60c1daf97467,+91-8902XXXX40,False
B1792,P1279,6F165,2026-01-17 11:37:36.952,CONFIRMED,230c62141f77b390,8E,5ab3d0058467dd84,+91-6777XXXX00,False
B1793,P1977,SJ104,2025-11-25 11:37:36.952,CONFIRMED,62bb2dc842168822,14C,4682ba7bc2ba56c7,+91-8918XXXX99,False
B1794,P1304,UK160,2025-06-26 11:37:36.952,CONFIRMED,a66f983ff63beca2,8D,4eba837a8d11b547,+91-9156XXXX55,False
B1795,P1145,UK160,2026-03-21 11:37:36.952,PENDING,56026ccb5b98a737,9C,b93afdce9a00ae99,+91-9132XXXX56,False
B1796,P1774,SJ230,2025-11-28 11:37:36.952,CONFIRMED,3444a82dca196a59,9B,22862be4a24f08d6,+91-8958XXXX04,False
B1797,P1515,AI042,2025-06-03 11:37:36.952,CANCELLED,468db20a75e1dd7d,1A,066ea9befdb9ea56,+91-9347XXXX36,False
B1798,P1089,UK197,2025-05-16 11:37:36.952,CONFIRMED,8c9bcc1921147387,23E,7ddd1230ec7819c0,+91-9714XXXX52,False
B1799,P1452,AI107,2026-02-05 11:37:36.952,PENDING,c86b92b60a4e1b1b,16E,aa69c8f0d2e359bd,+91-8430XXXX44,False
B1800,P1059,SJ128,2025-08-22 11:37:36.952,PENDING,12d9cdb3936dd209,7F,61e65de8681c75c7,+91-8845XXXX77,False
B1801,P1310,6F121,2026-04-14 11:37:36.952,PENDING,6eb58085262a4ba4,34F,855114282d801143,+91-9566XXXX00,False
B1802,P1527,AI111,2025-06-30 11:37:36.952,INVALID,5e22871b2c998100,16B,a6d4ccdaa9084052,+91-8866XXXX11,True
B1803,P1226,SJ137,2026-02-21 11:37:36.952,CONFIRMED,ba87a492112386be,24F,48d7cd5ca3ed3980,+91-9152XXXX58,False
B1804,P1473,AI232,2025-11-12 11:37:36.952,CONFIRMED,2a6ca47f37955081,1F,9018b6f1579ff370,+91-6705XXXX09,False
B1805,P1977,SJ113,2025-10-26 11:37:36.952,CONFIRMED,e0577c19b3c14102,14B,d13232a27272fa90,+91-7841XXXX72,False
B1806,P1540,AI117,2025-08-02 11:37:36.952,CANCELLED,856169fec170f231,17A,8b25808df2043592,+91-7702XXXX17,False
B1807,P1662,6F185,2025-06-28 11:37:36.952,CANCELLED,208f4681cbed8889,12C,04c9c10c87baae41,+91-7571XXXX44,False
B1808,P1756,AI194,2026-01-26 11:37:36.952,PENDING,a63122ff6af9bc75,3B,e9d5ca2881f736d8,+91-7836XXXX84,False
B1809,P1781,UK045,2026-04-09 11:37:36.952,PENDING,7a4f29c1b00fb282,13B,82f5341305723eb9,+91-7654XXXX68,False
B1810,P1078,6F228,2026-03-20 11:37:36.952,CONFIRMED,5123ab058bcaa59a,34B,63ae0c94c8fe15ff,+91-6958XXXX21,False
B1811,P1432,SJ190,2026-04-04 11:37:36.952,CANCELLED,7ff8c0c51dc3129b,25A,edd7548b977fdf2b,+91-9447XXXX58,False
B1812,P1800,AI156,2026-01-06 11:37:36.952,CANCELLED,0f5d376706bcdc2c,8A,6a4b8ea44651c09c,+91-6869XXXX43,False
B1813,P1152,AI104,2025-04-21 11:37:36.952,INVALID,3a28fb52528761b2,9D,aeb5704b08965564,+91-9601XXXX54,True
B1814,P1788,UK033,2025-06-22 11:37:36.952,CONFIRMED,230621148f60d2e7,26C,4094877b8c7d5bc9,+91-9130XXXX54,False
B1815,P1400,UK137,2025-05-01 11:37:36.952,PENDING,44e3c6c907f70b25,3C,304fff0011729d42,+91-8281XXXX31,False
B1816,P1278,UK214,2025-06-21 11:37:36.952,PENDING,48c424ee94e277a8,20F,54a096825d7190b5,+91-6242XXXX24,False
B1817,P1056,6F033,2025-06-07 11:37:36.952,PENDING,a8cef7f3f03c8697,28D,d2df28692086d298,+91-9247XXXX36,False
B1818,P1976,AI114,2025-11-07 11:37:36.952,CONFIRMED,011f0472d532f3df,26B,8e1c71f95f000e30,+91-8781XXXX45,False
B1819,P1185,AI017,2026-01-19 11:37:36.952,CONFIRMED,e823550ad8c23a24,21E,898d8a8732a7d24e,+91-9793XXXX50,False
B1820,P1397,6F244,2025-12-01 11:37:36.952,PENDING,0df5caf88c3c1a4e,18E,104c9b7765ba8209,+91-6376XXXX04,False
B1821,P1604,6F160,2025-11-27 11:37:36.952,PENDING,b491b55de4f283ff,1C,5e15f410478c87ff,+91-7253XXXX14,False
B1822,P1787,6F088,2026-01-05 11:37:36.952,CANCELLED,6aeb4e66ab30cd42,17D,a0fc43c3d98c1947,+91-6240XXXX44,False
B1823,P1157,6F155,2025-11-26 11:37:36.952,CANCELLED,2c8ed788a85c1e45,19E,5db03a0c97a8124f,+91-8344XXXX78,False
B1824,P1786,AI095,2026-04-15 11:37:36.952,PENDING,b3f8ccede9986014,9B,2b8db040d23f7321,+91-8634XXXX91,False
B1825,P1692,6F139,2025-05-17 11:37:36.952,PENDING,78617154ed6ca7eb,5E,cf925671efd3eaae,+91-7238XXXX47,False
B1826,P1358,6F101,2025-07-11 11:37:36.952,CANCELLED,af8ac6c48cc858eb,19A,8fb087e9d733d8b0,+91-9660XXXX24,False
B1827,P1439,AI054,2025-06-23 11:37:36.952,PENDING,44fb6e9df16bf651,20D,c23635c1ca14cb13,+91-8520XXXX62,False
B1828,P1588,SJ094,2025-05-18 11:37:36.952,CANCELLED,d5d0685e48fb31d6,25B,51856a858c5c5824,+91-7103XXXX85,False
B1829,P1465,6F217,2026-01-15 11:37:36.952,CANCELLED,35ddc3b9f12a5052,4E,b44555592eba25df,+91-7547XXXX17,False
B1830,P1662,6F100,2026-04-15 11:37:36.952,CANCELLED,ad488d0f61295efc,23C,c797656d9c449eb1,+91-9834XXXX29,False
B1831,P1445,6F081,2026-02-05 11:37:36.952,CONFIRMED,fafc8703d2f45981,21C,8905b565c9e593d7,+91-9478XXXX91,False
B1832,P1749,SJ156,2025-06-17 11:37:36.952,CONFIRMED,6ac00389b380175e,4D,def54f3b51d7bc4c,+91-9462XXXX42,False
B1833,P1800,6F060,2025-06-07 11:37:36.952,PENDING,c67c9d515032fac7,27D,850fc44714344a40,+91-8374XXXX67,False
B1834,P1742,UK129,2025-08-14 11:37:36.952,CANCELLED,fef7523c93c441b7,33E,2f7b3d122b8c756f,+91-9417XXXX11,False
B1835,P1487,UK032,2026-02-07 11:37:36.952,CONFIRMED,a8592727a30fa059,2E,cc77d8d1e1e2dcc8,+91-7998XXXX40,False
B1836,P1529,AI166,2025-09-23 11:37:36.952,PENDING,5f23a62bfbcdf8f2,13A,be69dd3f20383999,+91-8969XXXX90,False
B1837,P1072,SJ056,2025-10-31 11:37:36.952,PENDING,bc76474c10fd87d2,22F,7fb2ff947f6a7c23,+91-6680XXXX29,False
B1838,P1928,SJ101,2025-06-12 11:37:36.952,PENDING,d12d6651ec582561,18F,80fefdc0e58fcff7,+91-6726XXXX97,False
B1839,P1927,SJ065,2025-05-09 11:37:36.952,PENDING,f37ef5b6088d356c,9C,4b36a7c4e46dff5d,+91-8264XXXX94,False
B1840,P1700,SJ100,2025-04-19 11:37:36.952,PENDING,731558026750338e,34A,e09635ffc36534a5,+91-8441XXXX49,False
B1841,P1949,UK011,2025-10-24 11:37:36.952,CANCELLED,b62c8825c225cd3c,1E,474a9796c01b2a57,+91-8635XXXX58,False
B1842,P1016,6F062,2026-02-17 11:37:36.952,PENDING,bd8f887cc2d429b7,3B,1dd31e548cef51cd,+91-9101XXXX23,False
B1843,P1530,SJ176,2025-08-15 11:37:36.952,CANCELLED,065f3008a6e73375,23E,a112bf0da7ce05bd,+91-7456XXXX38,False
B1844,P1730,6F120,2025-11-26 11:37:36.952,CONFIRMED,682c06823e4f0a1e,3B,fd9a9533be58c802,+91-6705XXXX65,False
B1845,P1325,AI121,2026-03-05 11:37:36.952,PENDING,6cf5b4033357f3eb,24A,38de5e2a25ffc0ba,+91-8171XXXX03,False
B1846,P1994,UK072,2025-08-30 11:37:36.952,CONFIRMED,f0e981745da11a7c,34F,3ae8cc184fd60811,+91-7751XXXX58,False
B1847,P1631,AI006,2026-04-06 11:37:36.952,CANCELLED,d4c6a46fd48049df,11B,49fe5f972e9d6312,+91-7280XXXX40,False
B1848,P1612,SJ231,2025-05-19 11:37:36.952,CANCELLED,9023d8852ace376d,30D,2a80120501a14201,+91-9414XXXX55,False
B1849,P1545,SJ129,2025-06-24 11:37:36.952,INVALID,7008288b62295bc9,12E,8ab55809b6581f13,+91-7805XXXX04,True
B1850,P1595,6F110,2025-04-21 11:37:36.952,PENDING,d82afff01b438984,33B,ab82ce375c38e0c1,+91-8936XXXX22,False
B1851,P1920,6F231,2025-11-26 11:37:36.952,PENDING,0a4668b74f61d535,2D,0e63390cb9039396,+91-7352XXXX73,False
B1852,P1707,6F095,2025-08-09 11:37:36.952,CONFIRMED,1ab841f06e4a3896,33E,04bff34b3f002552,+91-6262XXXX82,False
B1853,P1841,UK054,2025-05-05 11:37:36.952,CONFIRMED,b236c26b51b35298,18F,f361c254db4c875c,+91-9159XXXX90,False
B1854,P1201,SJ123,2025-08-10 11:37:36.952,CONFIRMED,6d05972cfbdbfa6a,29D,6dc8a695ce2ba103,+91-9437XXXX92,False
B1855,P1343,6F006,2026-01-04 11:37:36.952,PENDING,b323b555df84f079,3D,e104897f5790e86c,+91-7596XXXX33,False
B1856,P1852,UK226,2025-05-04 11:37:36.952,PENDING,44e34928f68951a2,4E,b51e9e322218437e,+91-8496XXXX15,False
B1857,P1522,AI065,2026-03-07 11:37:36.952,PENDING,4dfbc2c0ba93f257,17E,c2eefd67bacb82e1,+91-9541XXXX46,False
B1858,P1858,6F008,2025-11-25 11:37:36.952,UNKNOWN,58130eb1bfd44754,10B,4e284b7bf5088e65,+91-9831XXXX25,False
B1859,P1399,AI195,2025-11-11 11:37:36.952,PENDING,7a3f8c38c7703611,7B,6ed73657e6b8c3ea,+91-9804XXXX71,False
B1860,P1217,UK043,2025-08-01 11:37:36.952,UNKNOWN,870ba4cb7b945e85,3A,0ee030cf127d76ab,+91-6588XXXX40,False
B1861,P1444,AI125,2025-10-15 11:37:36.952,CONFIRMED,4a2a62a529708955,25E,b6a67ab0ee4f5920,+91-7340XXXX69,False
B1862,P1764,AI089,2025-10-05 11:37:36.952,PENDING,6ded137bfd4f4841,21A,b315ae8caeecd249,+91-9627XXXX80,False
B1863,P1221,UK019,2026-02-12 11:37:36.952,CONFIRMED,1e9f85ae83a92e5b,22C,aaf556c857945d33,+91-9114XXXX35,False
B1864,P1382,UK078,2025-09-27 11:37:36.952,CANCELLED,003635f13fbf751b,22C,8a37d3f60b50ac9e,+91-6831XXXX20,False
B1865,P1880,SJ009,2025-07-28 11:37:36.952,CANCELLED,1cfc3eee894d64d4,15E,2c8265d34eb23a3b,+91-8863XXXX16,False
B1866,P1591,UK178,2026-01-28 11:37:36.952,CONFIRMED,b2b6973132efe4fa,7A,32e9208b4f9a0b23,+91-8168XXXX71,False
B1867,P1006,UK018,2025-11-23 11:37:36.952,CONFIRMED,74a752862c4b5ce7,13D,92b7d2f6eaadee40,+91-9222XXXX28,False
B1868,P1271,SJ059,2026-04-10 11:37:36.952,CANCELLED,2f719e99b02793f0,29E,37d6edd0888cfc0c,+91-9677XXXX05,False
B1869,P1738,UK108,2026-02-04 11:37:36.952,CONFIRMED,6a9297d4a817d1ce,19C,6b4b16564030e50d,+91-9607XXXX12,False
B1870,P1015,6F045,2025-04-25 11:37:36.952,CANCELLED,79c9dbf2976bed39,5D,1fde8cce4233a52a,+91-7244XXXX06,False
B1871,P1423,AI144,2025-10-04 11:37:36.952,CANCELLED,06b85f3803a04416,23E,108ea63a4c53f9ac,+91-9493XXXX91,False
B1872,P1523,AI244,2025-07-09 11:37:36.952,PENDING,a35bc38e0254caad,26E,dda3981fc94eca97,+91-7863XXXX02,False
B1873,P1802,6F265,2025-04-25 11:37:36.952,CONFIRMED,dbb4a5eee3df73c3,11B,745bb141c5271d3f,+91-7287XXXX75,False
B1874,P1752,6F108,2026-01-26 11:37:36.952,CONFIRMED,74966c132874413c,16E,c0f8f3b229df7255,+91-9955XXXX58,False
B1875,P1020,6F069,2025-06-17 11:37:36.952,PENDING,57657ecafd629353,17D,19f61b14cbf3dc26,+91-7880XXXX00,False
B1876,P1689,6F072,2025-06-14 11:37:36.952,CANCELLED,9b6eeffa1b373880,18F,cece361bfaa2c7c3,+91-6556XXXX52,False
B1877,P1938,6F096,2025-11-09 11:37:36.952,CONFIRMED,8431c6dc987048b5,33F,978600537231c93d,+91-6534XXXX84,False
B1878,P1227,SJ233,2025-12-31 11:37:36.952,PENDING,ee7a4fdf4bcf2352,31D,c7e1ea37b5428d9f,+91-6857XXXX97,False
B1879,P1784,AI203,2025-12-03 11:37:36.952,PENDING,c2f6227b6d9e38d4,9E,cb0c4b12439628cb,+91-7675XXXX28,False
B1880,P1287,UK147,2026-03-08 11:37:36.952,CONFIRMED,950309e84adfe650,2E,3351d6af05e70617,+91-9859XXXX56,False
B1881,P1808,UK039,2025-08-26 11:37:36.952,PENDING,b5ef144e52706ff1,8E,95c0cf11734990b6,+91-9546XXXX10,False
B1882,P1133,6F216,2025-10-17 11:37:36.952,CANCELLED,3ad675ed2b296196,18B,4cb8423870de8093,+91-6244XXXX89,False
B1883,P1983,AI214,2025-11-17 11:37:36.952,PENDING,b95d71f210a4469a,5B,03b162db10e37a0f,+91-9554XXXX89,False
B1884,P1282,UK025,2025-08-31 11:37:36.952,CANCELLED,7ca487ed6e88e390,31D,68afc0eea0148753,+91-6451XXXX44,False
B1885,P1403,UK053,2025-08-10 11:37:36.952,CANCELLED,0cef7ac2b71ca08f,11B,dc443d9eff188c95,+91-7934XXXX36,False
B1886,P1664,6F130,2026-02-12 11:37:36.952,INVALID,ac479a6613471a24,9D,18abe250252d05f3,+91-6218XXXX89,True
B1887,P1065,6F247,2026-03-09 11:37:36.952,PENDING,47b56fd27f18da92,23F,6dd7503751d9c79c,+91-9757XXXX63,False
B1888,P1648,6F159,2025-12-25 11:37:36.952,CANCELLED,1100681a6c6623b4,25C,f3b164f11f28b136,+91-6420XXXX20,False
B1889,P1603,UK086,2026-02-24 11:37:36.952,CANCELLED,355e2188c8aa8370,22C,cf01de3f1c091091,+91-6882XXXX94,False
B1890,P1436,6F102,2025-08-30 11:37:36.952,PENDING,c7d6e2b597f1f7b4,12E,d2511be7f06779fe,+91-7714XXXX27,False
B1891,P1828,UK186,2026-01-26 11:37:36.952,CANCELLED,0751db0e7d8ea2a7,18D,f01fc4a72b32fae5,+91-6501XXXX20,False
B1892,P1933,6F032,2025-08-24 11:37:36.952,PENDING,d31e0e26bd454728,17F,0fe92ff851f7b4c3,+91-9664XXXX94,False
B1893,P1258,6F186,2025-08-02 11:37:36.952,CONFIRMED,81bd747f7ed3709d,19A,85edea6138e88252,+91-8406XXXX16,False
B1894,P1979,6F106,2026-02-24 11:37:36.952,CANCELLED,e44435c74c7f6ab0,4F,c46d0297d969039b,+91-8639XXXX25,False
B1895,P1965,AI021,2025-10-05 11:37:36.952,CANCELLED,e59af7b97e6ff4c0,14E,508a984b2a1e0087,+91-6448XXXX42,False
B1896,P1102,AI157,2025-11-30 11:37:36.952,PENDING,a9c6eaa36a2a40a7,11F,e9e074555d1d1edd,+91-6959XXXX52,False
B1897,P1992,6F054,2025-11-01 11:37:36.952,PENDING,aab2a768b87d9112,26F,3b3aebc8b4b3d6df,+91-8554XXXX23,False
B1898,P1566,AI187,2025-10-03 11:37:36.952,PENDING,e2303aa17016b102,10D,d605a2e20e7280e3,+91-7362XXXX63,False
B1899,P1768,SJ124,2025-09-28 11:37:36.952,PENDING,803e901dda792be8,4B,dbfdf71c4faf820a,+91-7158XXXX44,False
B1900,P1100,SJ223,2025-10-06 11:37:36.952,CANCELLED,4a10b8249f7c16ef,11C,a6ad46918b400f46,+91-6202XXXX78,False
B1901,P1197,UK103,2025-04-25 11:37:36.952,CONFIRMED,284b2c4f16998678,21A,a9a58df77a7d44d2,+91-8443XXXX79,False
B1902,P1812,SJ157,2026-02-08 11:37:36.952,CONFIRMED,9f91b8528a219401,14F,594346fbe463987a,+91-7238XXXX10,False
B1903,P1225,6F242,2025-11-06 11:37:36.952,CONFIRMED,34504fc681521a18,9B,244641322a8cb395,+91-7150XXXX30,False
B1904,P1942,UK213,2025-07-01 11:37:36.952,CONFIRMED,4c647fd033664e2b,8B,3ce49c8dcc8af513,+91-8673XXXX66,False
B1905,P1462,SJ120,2026-02-13 11:37:36.952,PENDING,f6da57c0b1f6f1eb,24B,3378ac18492893c2,+91-9225XXXX08,False
B1906,P1236,AI035,2025-08-11 11:37:36.952,CANCELLED,f993bc6e13c7b615,22B,822839ac3174c142,+91-7426XXXX85,False
B1907,P1025,6F147,2026-01-14 11:37:36.952,CANCELLED,51e9de05b85cf85b,1B,3ec73570da5e0e24,+91-8726XXXX36,False
B1908,P1120,SJ229,2025-08-09 11:37:36.952,CANCELLED,6b98ef3f64172483,23B,8ce09a516f805f94,+91-9905XXXX86,False
B1909,P1909,AI230,2025-11-14 11:37:36.952,PENDING,d302b1478398f7d5,31B,8d4280ddc0664eca,+91-8534XXXX25,False
B1910,P1505,UK162,2025-06-10 11:37:36.952,CANCELLED,43325d7446b6495d,5C,34a0e59386cf6fbe,+91-9920XXXX12,False
B1911,P1181,AI066,2025-05-29 11:37:36.952,PENDING,a349c3bb7af53b24,27C,194fac92d8c0e921,+91-6386XXXX84,False
B1912,P1710,6F205,2025-09-09 11:37:36.952,CANCELLED,0dcea04c49137504,19D,95cbccd9c8ee1199,+91-8921XXXX56,False
B1913,P1813,AI124,2025-05-24 11:37:36.952,CONFIRMED,20931062f002771e,27B,977c09957eb8f268,+91-8903XXXX54,False
B1914,P1766,UK114,2025-10-19 11:37:36.952,PENDING,37452e751093e0cd,20A,079c74dd0a6ae994,+91-8609XXXX46,False
B1915,P1633,AI231,2025-06-03 11:37:36.952,CANCELLED,7c322e384cb27193,18B,524a8b851173117c,+91-8541XXXX17,False
B1916,P1542,AI113,2025-10-30 11:37:36.952,CONFIRMED,2a6b202b66e5d6b3,7D,99824192efe60f50,+91-7417XXXX66,False
B1917,P1983,UK180,2025-08-03 11:37:36.952,INVALID,e4208e202bf13087,27A,99cf3a8f5fdf72e2,+91-8341XXXX57,True
B1918,P1314,UK180,2025-10-07 11:37:36.952,CONFIRMED,ea8a30fb9d3aa494,2B,79c2d85aed37f680,+91-6633XXXX50,False
B1919,P1990,6F080,2026-03-17 11:37:36.952,PENDING,a7adb9a63e9be86f,7C,8c59105921e41c73,+91-9974XXXX00,False
B1920,P1796,SJ095,2025-05-11 11:37:36.952,PENDING,f2e28278397d3ff1,14A,e97480f3d134a9c1,+91-7231XXXX35,False
B1921,P1617,SJ115,2025-04-24 11:37:36.952,CANCELLED,600651180cd6f696,21F,1f93de646eb8b60c,+91-8254XXXX07,False
B1922,P1735,AI142,2025-05-14 11:37:36.952,CONFIRMED,c1a002f2b4ef086b,7D,03a6d5098007a168,+91-7903XXXX69,False
B1923,P1272,UK169,2025-11-28 11:37:36.952,CANCELLED,4fb885f84c01006d,33F,b6c0dffa3eb4ff5a,+91-6817XXXX15,False
B1924,P1909,SJ041,2025-05-04 11:37:36.952,CANCELLED,a1013b794300ca47,27D,ba3a36e936944961,+91-6542XXXX73,False
B1925,P1231,UK171,2025-04-20 11:37:36.952,CONFIRMED,51df7e3209533084,7D,30b4762ff40677f5,+91-6282XXXX32,False
B1926,P1419,AI081,2025-11-27 11:37:36.952,CANCELLED,c2a0d33246b34c67,18F,ca03cb6f62d440f8,+91-6917XXXX04,False
B1927,P1767,AI162,2026-01-28 11:37:36.952,PENDING,26b9348bd5381c45,27D,a6837ba9b67761f3,+91-7836XXXX07,False
B1928,P1441,SJ037,2026-01-23 11:37:36.952,CANCELLED,3feac70c95eb6317,6F,1660bd59fe5ba79d,+91-6176XXXX46,False
B1929,P1495,SJ037,2025-11-05 11:37:36.952,CONFIRMED,751d1093d77b07f7,6A,f660998235593be4,+91-9111XXXX48,False
B1930,P1023,UK080,2025-12-16 11:37:36.952,PENDING,4cbeabf75a20c3f3,3B,91870652e061f0cf,+91-9547XXXX39,False
B1931,P1108,SJ031,2025-09-26 11:37:36.952,PENDING,87522ba4aec61f63,16C,2e5a2ab5259853e2,+91-7230XXXX46,False
B1932,P1702,AI199,2025-12-28 11:37:36.952,CANCELLED,91f65fa24ffc0952,4B,aeda154c7709cfdf,+91-8312XXXX41,False
B1933,P1501,6F082,2025-05-28 11:37:36.952,CANCELLED,aab12c213106d322,7B,213dfa0e3064ddb6,+91-9163XXXX05,False
B1934,P1858,UK217,2026-04-12 11:37:36.952,PENDING,f925558007ae6b1e,9F,2e7c99ad26989a91,+91-6725XXXX07,False
B1935,P1024,UK014,2026-04-13 11:37:36.952,CANCELLED,93866fe019393ad7,6C,a949832917575a24,+91-6228XXXX21,False
B1936,P1186,SJ180,2026-01-11 11:37:36.952,CONFIRMED,029a34c08a573f02,14D,3a83d6eedda013f7,+91-9647XXXX82,False
B1937,P1287,6F268,2026-02-19 11:37:36.952,CANCELLED,3f3d1a05597271f9,16E,3d43ad2ef453bf4e,+91-6140XXXX18,False
B1938,P1627,UK205,2026-04-07 11:37:36.952,CANCELLED,d9a4d99d7c6a78e4,19B,e5259bd941e4dc1f,+91-7788XXXX43,False
B1939,P1337,SJ212,2025-07-22 11:37:36.952,PENDING,1099ddebcd69d45e,22B,602f6d920fa86d65,+91-8155XXXX35,False
B1940,P1877,UK052,2025-06-25 11:37:36.952,CANCELLED,ca60d726ea408a02,17C,6dda6ebfbd70418a,+91-8279XXXX55,False
B1941,P1913,UK230,2025-06-13 11:37:36.952,CANCELLED,38c11d2e543390f9,19D,867223da8299e5ef,+91-6859XXXX42,False
B1942,P1036,AI145,2025-07-18 11:37:36.952,CANCELLED,36d021d110596f61,23D,d2dd8bacd9e121e4,+91-9749XXXX25,False
B1943,P1793,SJ035,2026-03-13 11:37:36.952,CONFIRMED,a6edaddd3c576324,7E,512c037b424b4d35,+91-8564XXXX40,False
B1944,P1136,SJ184,2025-07-20 11:37:36.952,CANCELLED,f721f4bca2007dfb,10B,3f7226af10e06c61,+91-9785XXXX84,False
B1945,P1507,6F207,2025-11-03 11:37:36.952,CONFIRMED,ad84263456b18df0,24A,5e4ed499d82ae151,+91-8511XXXX92,False
B1946,P1226,UK144,2026-03-30 11:37:36.952,CONFIRMED,1d56e2705dfc28ed,15A,c765186d91278cc4,+91-9646XXXX02,False
B1947,P1319,AI126,2025-10-22 11:37:36.952,CONFIRMED,b067a756541a1d22,1A,dfe060cf3560247f,+91-9539XXXX15,False
B1948,P1839,SJ145,2025-05-19 11:37:36.952,CONFIRMED,b3273e9615dcf43b,10A,ca02e91ae2117b13,+91-9537XXXX34,False
B1949,P1915,6F040,2025-05-16 11:37:36.952,PENDING,3fbc3176b9c4c1bc,15B,b43d3b3074adf040,+91-7294XXXX88,False
B1950,P1181,UK049,2025-06-15 11:37:36.952,CONFIRMED,0f348a89cd438153,21B,5292b414c1b30739,+91-7484XXXX25,False
B1951,P1873,UK049,2026-03-18 11:37:36.952,CANCELLED,38f2a4b6687f8d11,3F,2cf37fbf8ef8c61b,+91-8585XXXX96,False
B1952,P1085,AI087,2025-10-18 11:37:36.952,CONFIRMED,a023a639d0b172f6,2C,d9372e49b0cd1db7,+91-7442XXXX89,False
B1953,P1466,AI152,2025-05-24 11:37:36.952,CANCELLED,1cde96041852e883,19A,307bbf327ad53b5b,+91-8625XXXX80,False
B1954,P1925,SJ240,2025-11-06 11:37:36.952,CONFIRMED,bef633e2f76b7516,2A,5e5accb67a9d9479,+91-6422XXXX01,False
B1955,P1052,AI212,2025-09-14 11:37:36.952,PENDING,6fddeca6b47e2b70,22B,03b3ac977f39d4bb,+91-6804XXXX87,False
B1956,P1859,AI064,2025-09-21 11:37:36.952,CONFIRMED,f1658ec1e9327fc9,3B,6cc50814966d43fa,+91-6788XXXX69,False
B1957,P1866,6F093,2025-06-07 11:37:36.952,CONFIRMED,84fe4f10ba3ee1d3,32E,a8087ca636fbc47e,+91-6823XXXX00,False
B1958,P1234,AI118,2025-04-28 11:37:36.952,PENDING,c9e80813fb134602,29C,889058649713c6c7,+91-7982XXXX11,False
B1959,P1958,AI172,2025-12-19 11:37:36.952,CONFIRMED,bc17d2507ef554fa,23D,5b165024c3ae8644,+91-8736XXXX33,False
B1960,P1778,6F183,2026-01-30 11:37:36.952,CANCELLED,5a4732fcf38b0aa0,27E,aab360bf1a702c68,+91-9708XXXX46,False
B1961,P1798,6F200,2025-07-15 11:37:36.952,CONFIRMED,075fbcb409c034e9,28A,85d0971d54331127,+91-9171XXXX18,False
B1962,P1432,SJ077,2025-12-23 11:37:36.952,CONFIRMED,f1fd81e483cc3dd4,18C,d53fd9dab1590d6e,+91-9146XXXX46,False
B1963,P1495,UK030,2026-02-24 11:37:36.952,CONFIRMED,cd92376584f7c9c6,27F,f12345655352933d,+91-6420XXXX01,False
B1964,P1998,SJ232,2025-05-21 11:37:36.952,PENDING,5592464b3cfb2aa6,18B,3826b3575325ccb0,+91-9876XXXX87,False
B1965,P1099,6F090,2026-01-29 11:37:36.952,CONFIRMED,911b39090fafa781,20D,d52749b91232636f,+91-9293XXXX79,False
B1966,P1989,UK002,2025-11-06 11:37:36.952,CONFIRMED,86284cda262e79a1,12B,725a7c020fbe0ee0,+91-8650XXXX12,False
B1967,P1598,AI154,2025-07-03 11:37:36.952,CANCELLED,0b2bca274c83b5bc,22C,2b63592397ea1a3f,+91-7527XXXX41,False
B1968,P1402,6F089,2025-10-11 11:37:36.952,CONFIRMED,560e7790f6792a7c,2D,eea23946f22997a4,+91-7995XXXX42,False
B1969,P1395,6F218,2026-04-08 11:37:36.952,CONFIRMED,85e23bff10a39d23,29A,ffd50f22af0b3149,+91-7919XXXX19,False
B1970,P1526,6F241,2025-11-26 11:37:36.952,CONFIRMED,8cae59766b3cd5c9,12B,bf94e85a554a2d80,+91-6445XXXX66,False
B1971,P1414,6F116,2025-08-20 11:37:36.952,CONFIRMED,9f9b0663d0db8ce9,2B,98cac4b725a6630e,+91-9521XXXX42,False
B1972,P1938,UK199,2025-04-18 11:37:36.952,CANCELLED,53715054c2386f98,19B,7ca599d13a8578d6,+91-7990XXXX16,False
B1973,P1612,SJ033,2025-04-28 11:37:36.952,CANCELLED,9497156bb646416b,8C,b6e35a6b689e89ae,+91-7733XXXX57,False
B1974,P1676,AI210,2025-08-03 11:37:36.952,PENDING,61ced3289899b74e,15B,4e77115269f61f12,+91-8906XXXX35,False
B1975,P1462,UK148,2025-08-26 11:37:36.952,UNKNOWN,389745b5fb79d50e,20E,e3ae249ca3d55cf6,+91-8108XXXX30,False
B1976,P1540,AI229,2025-08-27 11:37:36.952,PENDING,7692e97015b507d8,16F,8b4c095569dbe34f,+91-7327XXXX19,False
B1977,P1625,UK005,2026-01-01 11:37:36.952,PENDING,ca41b26ccbdb9c52,4A,05f15d18c7fcd751,+91-6793XXXX86,False
B1978,P1618,SJ080,2025-12-07 11:37:36.952,CONFIRMED,8b64e64f9a1097c5,12C,3cb3c30116d14902,+91-9868XXXX64,False
B1979,P1921,SJ092,2025-12-02 11:37:36.952,CANCELLED,5ccc46cb9d10f752,1F,237c97026721fcbb,+91-9722XXXX98,False
B1980,P1363,SJ055,2025-12-04 11:37:36.952,CANCELLED,c704f0d2a1942ab3,15A,e65e20825f896bcc,+91-9798XXXX48,False
B1981,P1129,AI239,2025-05-17 11:37:36.952,CONFIRMED,2520ab1d9439305b,19D,83658a6f832099da,+91-8999XXXX12,False
B1982,P1083,6F162,2025-06-17 11:37:36.952,UNKNOWN,09ef91abd6dc5598,7A,13d090884acd0811,+91-9635XXXX75,False
B1983,P1270,UK101,2025-06-28 11:37:36.952,UNKNOWN,6ea88a67c117196e,27A,45c1448a2bac4ced,+91-7128XXXX66,False
B1984,P1243,6F198,2025-04-25 11:37:36.952,CONFIRMED,02ff41f020b5d797,27F,3a5c9c30e03a12b6,+91-6955XXXX29,False
B1985,P1387,6F239,2025-09-28 11:37:36.952,CONFIRMED,3b3945a948b9dd7d,31F,6d42bd6817e77237,+91-9125XXXX92,False
B1986,P1213,SJ177,2025-10-07 11:37:36.952,CONFIRMED,5c9f5dbe2b8a282e,13F,36ebd8e559969fe1,+91-9232XXXX14,False
B1987,P1817,6F044,2026-03-12 11:37:36.952,CANCELLED,51103c13ca3b28d5,19F,dd0be93f204fd3bd,+91-8544XXXX63,False
B1988,P1165,6F248,2026-02-17 11:37:36.952,PENDING,79b2882397f6ad31,13A,7ae6c7d8dbc9e830,+91-6131XXXX64,False
B1989,P1790,6F002,2025-12-10 11:37:36.952,UNKNOWN,f5a99424541d1797,16F,0e0d6fff37446196,+91-6322XXXX40,False
B1990,P1058,SJ197,2026-03-31 11:37:36.952,CONFIRMED,b46559a190204be6,14B,6f20b81ba7567711,+91-9910XXXX81,False
B1991,P1601,UK091,2026-01-14 11:37:36.952,CANCELLED,6ffbf484280ac962,22E,2fdf592a9a9160d2,+91-6465XXXX28,False
B1992,P1882,6F215,2025-04-25 11:37:36.952,CONFIRMED,c104ffb0478cdfff,25C,248c7dca73243f0c,+91-7851XXXX08,False
B1993,P1842,AI093,2026-03-11 11:37:36.952,CANCELLED,363f1adc873757a4,5B,e5280ee28884b50a,+91-9296XXXX55,False
B1994,P1923,UK090,2026-03-31 11:37:36.952,CONFIRMED,da4ee384e26af554,21D,6e9000a4cc142d0d,+91-9541XXXX74,False
B1995,P1503,SJ005,2025-11-20 11:37:36.952,CANCELLED,53a2ca77125777e7,11C,914d1e5ad1231795,+91-8860XXXX44,False
B1996,P1705,UK106,2025-08-08 11:37:36.952,CANCELLED,aac0e5e2c7f0714f,27E,307d1b802e1059aa,+91-7709XXXX27,False
B1997,P1122,6F223,2025-05-03 11:37:36.952,PENDING,837fa41e28143875,27B,b1844235a61a0e6a,+91-9548XXXX36,False
B1998,P1647,6F011,2025-10-23 11:37:36.952,CONFIRMED,bdba08d792d9180d,14C,b22649c38e376ac0,+91-8248XXXX33,False
B1999,P1412,UK124,2025-08-08 11:37:36.952,INVALID,8d1f06f923edf426,12B,8d8900a7f382a67f,+91-7414XXXX88,True
